Position_n,frame_i_yeaz,Cell_ID,is_cell_dead_yeaz,is_cell_excluded_yeaz,x_centroid_yeaz,y_centroid_yeaz,editIDclicked_x_yeaz,editIDclicked_y_yeaz,editIDnewID_yeaz,cell_cycle_stage_yeaz,generation_num_yeaz,relative_ID_yeaz,relationship_yeaz,emerg_frame_i_yeaz,division_frame_i_yeaz,is_history_known_yeaz,corrected_assignment_yeaz,cell_area_pxl_yeaz,cell_vol_vox_yeaz,cell_area_um2_yeaz,cell_vol_fl_yeaz,frame_i_cellpose,is_cell_dead_cellpose,is_cell_excluded_cellpose,x_centroid_cellpose,y_centroid_cellpose,editIDclicked_x_cellpose,editIDclicked_y_cellpose,editIDnewID_cellpose,cell_cycle_stage_cellpose,generation_num_cellpose,relative_ID_cellpose,relationship_cellpose,emerg_frame_i_cellpose,division_frame_i_cellpose,is_history_known_cellpose,corrected_assignment_cellpose,cell_area_pxl_cellpose,cell_vol_vox_cellpose,cell_area_um2_cellpose,cell_vol_fl_cellpose
Position_1,0,1,False,False,550,62,,,-1,G1,2,-1,mother,-1,-1,False,False,2961,115933.2837,15.56203892,44.17232629,0,False,False,549,65,,,-1,S,2,2,mother,-1,-1,False,False,3204,131698.7629,16.83916673,50.17921118
Position_1,0,2,False,False,592,63,,,-1,G1,2,-1,mother,-1,-1,False,False,523,8394.90399,2.748715418,3.198584793,0,False,False,590,63,,,-1,S,0,1,bud,-1,-1,False,False,310,3616.461631,1.629257705,1.377926322
Position_1,0,3,False,False,486,82,,,-1,G1,2,-1,mother,-1,-1,False,False,2829,104418.3995,14.86829048,39.78498206,0,False,False,491,86,,,-1,G1,2,-1,mother,-1,-1,False,False,3113,119780.8115,16.36090076,45.6382923
Position_1,0,4,False,False,584,103,,,-1,G1,2,-1,mother,-1,-1,False,False,1733,48881.30256,9.108076138,18.62451211,0,False,False,580,102,,,-1,S,0,5,bud,-1,-1,False,False,1766,51515.58295,9.281513248,19.62821259
Position_1,0,5,False,False,533,134,,,-1,G1,2,-1,mother,-1,-1,False,False,3726,151505.9063,19.58262648,57.72603097,0,False,False,528,131,,,-1,S,2,4,mother,-1,-1,False,False,3843,164895.2577,20.19753987,62.82757544
Position_1,0,6,False,False,460,147,,,-1,G1,2,-1,mother,-1,-1,False,False,4898,240971.3766,25.74227174,91.81372194,0,False,False,461,146,,,-1,S,2,7,mother,-1,-1,False,False,4304,208612.6113,22.62040375,79.48454526
Position_1,0,7,False,False,435,202,,,-1,G1,2,-1,mother,-1,-1,False,False,2019,65678.99195,10.61119776,25.02468463,0,False,False,436,200,,,-1,S,0,6,bud,-1,-1,False,False,1798,52882.0065,9.449694689,20.14884053
Position_1,0,8,False,False,305,311,,,-1,G1,2,-1,mother,-1,-1,False,False,3219,133938.3159,16.91800178,51.03251461,0,False,False,306,312,,,-1,S,2,9,mother,-1,-1,False,False,2846,109572.6068,14.95763687,41.74881264
Position_1,0,9,False,False,327,367,,,-1,G1,2,-1,mother,-1,-1,False,False,2447,86886.31145,12.86062453,33.10499261,0,False,False,326,366,,,-1,S,0,8,bud,-1,-1,False,False,2175,69088.16348,11.43108228,26.3236303
Position_1,0,10,False,False,223,449,,,-1,G1,2,-1,mother,-1,-1,False,False,875,17717.96419,4.598711264,6.750811074,0,False,False,225,451,,,-1,S,0,11,bud,-1,-1,False,False,1074,25802.98221,5.644589597,9.831324648
Position_1,0,11,False,False,268,466,,,-1,G1,2,-1,mother,-1,-1,False,False,3770,164866.6485,19.81387596,62.81667489,0,False,False,269,468,,,-1,S,2,10,mother,-1,-1,False,False,3424,147703.8808,17.99541413,56.27740205
Position_1,0,12,False,False,308,520,,,-1,G1,2,-1,mother,-1,-1,False,False,2768,107750.5742,14.5476946,41.0545908,0,False,False,304,519,,,-1,S,2,17,mother,-1,-1,False,False,2745,102851.6046,14.42681419,39.18800963
Position_1,0,13,False,False,246,532,,,-1,G1,2,-1,mother,-1,-1,False,False,3630,150086.9064,19.07808216,57.18537067,0,False,False,248,530,,,-1,S,2,14,mother,-1,-1,False,False,3438,144669.7417,18.06899352,55.12134938
Position_1,0,14,False,False,251,585,,,-1,G1,2,-1,mother,-1,-1,False,False,1648,47443.08092,8.661344186,18.07652802,0,False,False,252,584,,,-1,S,0,13,bud,-1,-1,False,False,1520,41689.84642,7.988618424,15.88445906
Position_1,0,15,False,False,403,752,,,-1,G1,2,-1,mother,-1,-1,False,False,4309,201339.1765,22.6466821,76.71325711,0,False,False,402,752,,,-1,S,2,16,mother,-1,-1,False,False,3750,163633.892,19.70876256,62.3469761
Position_1,0,16,False,False,380,795,,,-1,G1,2,-1,mother,-1,-1,False,False,790,16124.366,4.151979313,6.143626174,0,False,False,380,795,,,-1,S,0,15,bud,-1,-1,False,False,982,22704.84901,5.161067956,8.650889258
Position_1,0,17,False,False,305,555,,,-1,G1,2,-1,mother,-1,-1,False,False,206,1864.962051,1.082668023,0.710578616,0,False,False,304,554,,,-1,S,0,12,bud,-1,-1,False,False,244,2268.99027,1.282383484,0.864519449
Position_2,0,1,False,False,239,249,,,-1,G1,2,-1,mother,-1,-1,False,False,4217,189662.3599,22.16316046,72.26421421,0,False,False,238,250,,,-1,S,2,2,mother,-1,-1,False,False,3671,160770.3382,19.29356463,61.255919
Position_2,0,2,False,False,236,309,,,-1,G1,2,-1,mother,-1,-1,False,False,2520,92381.34895,13.24428844,35.19868461,0,False,False,237,310,,,-1,S,0,1,bud,-1,-1,False,False,2310,80719.96075,12.14059774,30.75552016
Position_2,0,3,False,False,733,328,,,-1,G1,2,-1,mother,-1,-1,False,False,4840,243741.086,25.43744288,92.8690229,0,False,False,733,328,,,-1,G1,2,-1,mother,-1,-1,False,False,4117,193161.0066,21.63759346,73.59725125
Position_2,0,4,False,False,366,377,,,-1,G1,2,-1,mother,-1,-1,False,False,3425,138223.2614,18.0006698,52.66514334,0,False,False,367,381,,,-1,S,2,5,mother,-1,-1,False,False,3210,134639.1866,16.87070075,51.29955687
Position_2,0,5,False,False,319,403,,,-1,G1,2,-1,mother,-1,-1,False,False,1403,38105.15127,7.373705032,14.51863625,0,False,False,323,405,,,-1,S,0,4,bud,-1,-1,False,False,1404,39280.03082,7.378960702,14.96628304
Position_2,0,6,False,False,421,414,,,-1,G1,2,-1,mother,-1,-1,False,False,2425,86386.9704,12.74499979,32.91473615,0,False,False,417,416,,,-1,S,2,7,mother,-1,-1,False,False,2593,93245.11541,13.62795235,35.52779264
Position_2,0,7,False,False,467,441,,,-1,G1,2,-1,mother,-1,-1,False,False,2081,67952.36471,10.9370493,25.89087387,0,False,False,464,442,,,-1,S,0,6,bud,-1,-1,False,False,1892,58432.31925,9.94372767,22.26359324
Position_2,0,8,False,False,361,449,,,-1,G1,2,-1,mother,-1,-1,False,False,5588,308036.7261,29.36868405,117.3666297,0,False,False,364,449,,,-1,G1,2,-1,mother,-1,-1,False,False,4843,243694.7572,25.45320989,92.85137096
Position_2,0,9,False,False,425,483,,,-1,G1,2,-1,mother,-1,-1,False,False,3418,131762.7445,17.96388011,50.20358916,0,False,False,422,478,,,-1,G1,2,-1,mother,-1,-1,False,False,3445,139769.7461,18.10578321,53.25437727
Position_2,0,10,False,False,352,520,,,-1,G1,2,-1,mother,-1,-1,False,False,3411,146185.2717,17.92709042,55.69878911,0,False,False,352,519,,,-1,G1,2,-1,mother,-1,-1,False,False,3019,118185.1458,15.86686778,45.03031965
Position_2,0,11,False,False,63,635,,,-1,G1,2,-1,mother,-1,-1,False,False,4889,252725.3713,25.69497071,96.29217088,0,False,False,63,635,,,-1,S,2,12,mother,-1,-1,False,False,4320,209013.7855,22.70449447,79.63739867
Position_2,0,12,False,False,49,690,,,-1,G1,2,-1,mother,-1,-1,False,False,1552,43758.15859,8.156799865,16.67251714,0,False,False,50,690,,,-1,S,0,11,bud,-1,-1,False,False,1436,40279.78484,7.547142143,15.34720438
Position_3,0,1,False,False,370,58,,,-1,G1,2,-1,mother,-1,-1,False,False,4162,186213.3352,21.87409861,70.95008387,0,False,False,369,59,,,-1,S,2,3,mother,-1,-1,False,False,3992,185259.6095,20.9806347,70.58670001
Position_3,0,2,False,False,306,88,,,-1,G1,2,-1,mother,-1,-1,False,False,4121,189651.3218,21.65861614,72.26000854,0,False,False,309,88,,,-1,G1,2,-1,mother,-1,-1,False,False,4042,184416.4284,21.2434182,70.26543535
Position_3,0,3,False,False,369,108,,,-1,G1,2,-1,mother,-1,-1,False,False,705,12603.83037,3.705247361,4.802249104,0,False,False,369,109,,,-1,S,0,1,bud,-1,-1,False,False,1128,28150.06322,5.928395778,10.72559784
Position_3,0,4,False,False,413,114,,,-1,G1,2,-1,mother,-1,-1,False,False,2802,101847.8342,14.72638738,38.805558,0,False,False,410,112,,,-1,G1,2,-1,mother,-1,-1,False,False,2622,91744.09961,13.78036678,34.95588302
Position_3,0,5,False,False,343,149,,,-1,G1,2,-1,mother,-1,-1,False,False,4257,182318.5029,22.37338726,69.46609414,0,False,False,341,149,,,-1,G1,2,-1,mother,-1,-1,False,False,3791,167116.3325,19.92424503,63.67383835
Position_3,0,6,False,False,569,168,,,-1,G1,2,-1,mother,-1,-1,False,False,4062,186347.2974,21.3485316,71.00112548,0,False,False,571,170,,,-1,S,2,7,mother,-1,-1,False,False,3587,153031.3399,18.85208835,58.30724416
Position_3,0,7,False,False,525,180,,,-1,G1,2,-1,mother,-1,-1,False,False,262,3165.193907,1.376985544,1.205986526,0,False,False,532,180,,,-1,S,0,6,bud,-1,-1,False,False,456,6405.100308,2.396585527,2.440439637
Position_3,0,8,False,False,310,185,,,-1,G1,2,-1,mother,-1,-1,False,False,202,2050.186448,1.061645343,0.781151899,0,False,False,315,183,,,-1,S,0,11,bud,-1,-1,False,False,223,1804.80316,1.172014414,0.687657173
Position_3,0,9,False,False,630,194,,,-1,G1,2,-1,mother,-1,-1,False,False,2971,112555.3982,15.61459562,42.88530106,0,False,False,627,196,,,-1,S,2,14,mother,-1,-1,False,False,2975,117352.4806,15.6356183,44.71306168
Position_3,0,10,False,False,537,208,,,-1,G1,2,-1,mother,-1,-1,False,False,594,10241.22457,3.12186799,3.902060727,0,False,False,540,209,,,-1,S,0,13,bud,-1,-1,False,False,685,12992.8352,3.600133961,4.950465797
Position_3,0,11,False,False,340,210,,,-1,G1,2,-1,mother,-1,-1,False,False,3544,132783.9816,18.62609454,50.59269587,0,False,False,342,207,,,-1,S,2,8,mother,-1,-1,False,False,3239,125160.3409,17.02311518,47.68797397
Position_3,0,12,False,False,401,217,,,-1,G1,2,-1,mother,-1,-1,False,False,2171,74426.46275,11.4100596,28.35760269,0,False,False,399,216,,,-1,G1,2,-1,mother,-1,-1,False,False,1970,63047.7482,10.35366993,24.02214115
Position_3,0,13,False,False,579,241,,,-1,G1,2,-1,mother,-1,-1,False,False,4449,202955.6475,23.3824759,77.32915689,0,False,False,579,239,,,-1,S,2,10,mother,-1,-1,False,False,4453,214042.7902,23.40349858,81.55352517
Position_3,0,14,False,False,639,246,,,-1,G1,2,-1,mother,-1,-1,False,False,1359,36542.77581,7.142455552,13.92334768,0,False,False,638,243,,,-1,S,0,9,bud,-1,-1,False,False,1357,36495.55723,7.131944212,13.90535669
Position_3,0,16,False,False,419,428,,,-1,G1,2,-1,mother,-1,-1,False,False,3289,137945.6483,17.28589868,52.55936856,0,False,False,419,429,,,-1,G1,2,-1,mother,-1,-1,False,False,2950,117104.4754,15.50422655,44.61856797
Position_3,0,17,False,False,575,657,,,-1,G1,2,-1,mother,-1,-1,False,False,3181,118227.928,16.71828632,45.04662029,0,False,False,576,659,,,-1,G1,2,-1,mother,-1,-1,False,False,2978,113047.8136,15.65138531,43.07291874
Position_3,0,18,False,False,582,725,,,-1,G1,2,-1,mother,-1,-1,False,False,6133,346877.8624,32.23302421,132.1656873,0,False,False,583,724,,,-1,S,2,20,mother,-1,-1,False,False,5278,283416.7028,27.73942634,107.9860302
Position_3,0,19,False,False,361,780,,,-1,G1,2,-1,mother,-1,-1,False,False,5942,340717.9568,31.22919124,129.8186705,0,False,False,362,781,,,-1,G1,2,-1,mother,-1,-1,False,False,5204,275861.821,27.35050676,105.1075065
Position_3,0,20,False,False,584,787,,,-1,G1,2,-1,mother,-1,-1,False,False,1690,49903.2438,8.882082327,19.0138871,0,False,False,584,785,,,-1,S,0,18,bud,-1,-1,False,False,1641,48550.09203,8.624554496,18.49831591
Position_3,0,22,False,False,552,301,,,-1,G1,2,-1,mother,-1,-1,False,False,3694,162831.6154,19.41444504,62.04129667,0,False,False,553,301,,,-1,S,2,23,mother,-1,-1,False,False,3276,137781.8772,17.21757497,52.49696929
Position_3,0,23,False,False,530,266,,,-1,G1,2,-1,mother,-1,-1,False,False,170,1523.788246,0.893463903,0.58058626,0,False,False,533,266,,,-1,S,0,22,bud,-1,-1,False,False,343,4338.860087,1.802694815,1.653171008
Position_4,0,1,False,False,461,111,,,-1,G1,2,-1,mother,-1,-1,False,False,2453,80699.46278,12.89215855,30.74771013,0,False,False,462,114,,,-1,G1,2,-1,mother,-1,-1,False,False,2367,77101.55447,12.44017093,29.3768529
Position_4,0,2,False,False,424,155,,,-1,G1,2,-1,mother,-1,-1,False,False,3749,164989.9069,19.70350689,62.86363821,0,False,False,427,156,,,-1,S,2,5,mother,-1,-1,False,False,3415,143974.2174,17.9481131,54.85634414
Position_4,0,3,False,False,486,170,,,-1,G1,2,-1,mother,-1,-1,False,False,2688,99082.4039,14.127241,37.75188742,0,False,False,484,171,,,-1,G1,2,-1,mother,-1,-1,False,False,2753,101362.3831,14.46885955,38.62059383
Position_4,0,4,False,False,534,209,,,-1,G1,2,-1,mother,-1,-1,False,False,3946,180681.8759,20.73887388,68.84251461,0,False,False,533,211,,,-1,S,2,6,mother,-1,-1,False,False,3734,162434.9846,19.62467184,61.89017434
Position_4,0,5,False,False,431,217,,,-1,G1,2,-1,mother,-1,-1,False,False,2467,90518.11393,12.96573793,34.48876402,0,False,False,432,217,,,-1,S,0,2,bud,-1,-1,False,False,2184,72062.33426,11.47838331,27.45683414
Position_4,0,6,False,False,589,243,,,-1,G1,2,-1,mother,-1,-1,False,False,2462,86694.13044,12.93945958,33.03176875,0,False,False,586,244,,,-1,S,0,4,bud,-1,-1,False,False,2388,82105.41088,12.55054,31.28339752
Position_4,0,7,False,False,486,254,,,-1,G1,2,-1,mother,-1,-1,False,False,2913,113264.8453,15.30976676,43.15561107,0,False,False,489,253,,,-1,G1,2,-1,mother,-1,-1,False,False,2920,114952.0262,15.34655645,43.7984524
Position_4,0,8,False,False,547,282,,,-1,G1,2,-1,mother,-1,-1,False,False,3362,138412.8637,17.66956259,52.73738466,0,False,False,545,279,,,-1,S,2,9,mother,-1,-1,False,False,3406,139876.7036,17.90081207,53.29512972
Position_4,0,9,False,False,554,340,,,-1,G1,2,-1,mother,-1,-1,False,False,2808,108803.7036,14.7579214,41.45584895,0,False,False,554,340,,,-1,S,0,8,bud,-1,-1,False,False,2473,89116.8354,12.99727195,33.95485581
Position_4,0,10,False,False,311,544,,,-1,G1,2,-1,mother,-1,-1,False,False,5270,271637.3073,27.69738098,103.4979032,0,False,False,312,545,,,-1,S,2,11,mother,-1,-1,False,False,4540,227012.5124,23.86074187,86.49518454
Position_4,0,11,False,False,356,573,,,-1,G1,2,-1,mother,-1,-1,False,False,533,8351.25772,2.801272119,3.181954907,0,False,False,353,573,,,-1,S,0,10,bud,-1,-1,False,False,786,15311.44771,4.130956633,5.833892067
Position_4,0,12,False,False,318,614,,,-1,G1,2,-1,mother,-1,-1,False,False,3594,150951.4917,18.88887804,57.51479068,0,False,False,318,614,,,-1,S,2,13,mother,-1,-1,False,False,3461,149693.0948,18.18987393,57.03532252
Position_4,0,13,False,False,263,652,,,-1,G1,2,-1,mother,-1,-1,False,False,2587,87651.83124,13.59641833,33.39666717,0,False,False,266,653,,,-1,S,0,12,bud,-1,-1,False,False,2647,90426.67424,13.91175853,34.45392412
Position_4,0,14,False,False,319,681,,,-1,G1,2,-1,mother,-1,-1,False,False,4160,189356.4511,21.86358727,72.14765834,0,False,False,318,680,,,-1,G1,2,-1,mother,-1,-1,False,False,3949,183199.511,20.75464089,69.80177149
Position_4,0,15,False,False,317,746,,,-1,G1,2,-1,mother,-1,-1,False,False,2964,112359.1873,15.57780593,42.81054177,0,False,False,318,746,,,-1,G1,2,-1,mother,-1,-1,False,False,2682,96319.48923,14.09570698,36.69917534
Position_5,0,1,False,False,73,114,,,-1,G1,2,-1,mother,-1,-1,False,False,1761,51503.11005,9.255234898,19.62346023,0,False,False,76,114,,,-1,S,0,11,bud,-1,-1,False,False,1834,52105.15643,9.638898809,19.85284896
Position_5,0,2,False,False,125,134,,,-1,G1,2,-1,mother,-1,-1,False,False,3776,169964.7201,19.84540998,64.7591169,0,False,False,125,134,,,-1,G1,2,-1,mother,-1,-1,False,False,3758,171125.7063,19.75080792,65.20147014
Position_5,0,3,False,False,490,257,,,-1,G1,2,-1,mother,-1,-1,False,False,3818,168750.3514,20.06614812,64.29642415,0,False,False,490,258,,,-1,S,2,4,mother,-1,-1,False,False,3303,139272.7608,17.35947806,53.06501839
Position_5,0,4,False,False,437,282,,,-1,G1,2,-1,mother,-1,-1,False,False,1936,60998.37344,10.17497715,23.24129852,0,False,False,442,283,,,-1,S,0,3,bud,-1,-1,False,False,1936,62173.17645,10.17497715,23.68891615
Position_5,0,5,False,False,479,319,,,-1,G1,2,-1,mother,-1,-1,False,False,3207,122270.5192,16.85493374,46.58690842,0,False,False,478,318,,,-1,G1,2,-1,mother,-1,-1,False,False,3067,117930.0005,16.11913994,44.93310546
Position_5,0,6,False,False,559,647,,,-1,G1,2,-1,mother,-1,-1,False,False,3596,150180.3909,18.89938938,57.22098966,0,False,False,560,649,,,-1,G1,2,-1,mother,-1,-1,False,False,3137,123575.1502,16.48703684,47.08399246
Position_5,0,7,False,False,614,668,,,-1,G1,2,-1,mother,-1,-1,False,False,2008,60094.2222,10.55338539,22.89680329,0,False,False,611,670,,,-1,G1,2,-1,mother,-1,-1,False,False,2107,67096.60912,11.07369672,25.56481811
Position_5,0,8,False,False,568,713,,,-1,G1,2,-1,mother,-1,-1,False,False,4143,187945.4078,21.77424088,71.6100296,0,False,False,570,711,,,-1,G1,2,-1,mother,-1,-1,False,False,3626,153523.5339,19.05705948,58.49477747
Position_5,0,9,False,False,626,723,,,-1,G1,2,-1,mother,-1,-1,False,False,2795,101804.0146,14.68959769,38.78886205,0,False,False,625,722,,,-1,G1,2,-1,mother,-1,-1,False,False,2689,98603.53469,14.13249667,37.56943104
Position_5,0,10,False,False,564,755,,,-1,G1,2,-1,mother,-1,-1,False,False,194,1836.466431,1.019599983,0.699721355,0,False,False,566,752,,,-1,G1,2,-1,mother,-1,-1,False,False,358,4282.753186,1.881529866,1.631793434
Position_5,0,11,False,False,112,66,,,-1,G1,2,-1,mother,-1,-1,False,False,3535,149453.3854,18.57879351,56.94398965,0,False,False,112,66,,,-1,S,2,1,mother,-1,-1,False,False,3989,183762.1268,20.96486769,70.01613659
Position_6,0,1,False,False,690,71,,,-1,G1,2,-1,mother,-1,-1,False,False,5394,267384.7242,28.34908407,101.877605,0,False,False,690,74,,,-1,G1,2,-1,mother,-1,-1,False,False,4477,212858.4884,23.52963466,81.10228835
Position_6,0,2,False,False,697,135,,,-1,G1,2,-1,mother,-1,-1,False,False,2571,96753.54492,13.51232761,36.86455709,0,False,False,695,135,,,-1,S,0,3,bud,-1,-1,False,False,2370,82150.06495,12.45593794,31.30041139
Position_6,0,3,False,False,642,152,,,-1,G1,2,-1,mother,-1,-1,False,False,3557,140294.553,18.69441825,53.4543366,0,False,False,642,154,,,-1,S,2,2,mother,-1,-1,False,False,3308,133551.3099,17.38575641,50.88505949
Position_6,0,4,False,False,590,188,,,-1,G1,2,-1,mother,-1,-1,False,False,4025,182542.1521,21.15407181,69.55130786,0,False,False,593,189,,,-1,G1,2,-1,mother,-1,-1,False,False,3418,145972.2025,17.96388011,55.61760653
Position_6,0,5,False,False,648,211,,,-1,G1,2,-1,mother,-1,-1,False,False,2445,80190.12224,12.85011319,30.55364372,0,False,False,646,209,,,-1,G1,2,-1,mother,-1,-1,False,False,2355,79465.06277,12.37710289,30.27738514
Position_6,0,6,False,False,70,297,,,-1,G1,2,-1,mother,-1,-1,False,False,4117,186736.8864,21.63759346,71.14956475,0,False,False,71,300,,,-1,G1,2,-1,mother,-1,-1,False,False,3839,169885.3726,20.17651719,64.72888433
Position_6,0,7,False,False,108,345,,,-1,G1,2,-1,mother,-1,-1,False,False,2619,89621.40033,13.76459977,34.14710264,0,False,False,107,343,,,-1,G1,2,-1,mother,-1,-1,False,False,2428,82851.31305,12.7607668,31.56759747
Position_6,0,8,False,False,512,618,,,-1,G1,2,-1,mother,-1,-1,False,False,2932,110832.3279,15.40962449,42.22878533,0,False,False,514,618,,,-1,G1,2,-1,mother,-1,-1,False,False,2709,97739.04081,14.23761007,37.24004586
Position_6,0,9,False,False,664,625,,,-1,G1,2,-1,mother,-1,-1,False,False,849,17768.59424,4.462063844,6.770101885,0,False,False,662,626,,,-1,G1,2,-1,mother,-1,-1,False,False,972,20446.19454,5.108511256,7.790307907
Position_6,0,10,False,False,571,638,,,-1,G1,2,-1,mother,-1,-1,False,False,4581,228628.0222,24.07622434,87.11071811,0,False,False,571,638,,,-1,G1,2,-1,mother,-1,-1,False,False,4240,201486.0595,22.28404087,76.76922173
Position_6,0,11,False,False,631,664,,,-1,G1,2,-1,mother,-1,-1,False,False,3346,124434.0407,17.58547187,47.41124266,0,False,False,630,664,,,-1,G1,2,-1,mother,-1,-1,False,False,3136,120509.4238,16.48178117,45.91590455
Position_6,0,12,False,False,727,689,,,-1,G1,2,-1,mother,-1,-1,False,False,4708,234319.557,24.74369444,89.27927853,0,False,False,726,690,,,-1,G1,2,-1,mother,-1,-1,False,False,4407,214070.5711,23.16173776,81.56411009
Position_6,0,13,False,False,660,710,,,-1,G1,2,-1,mother,-1,-1,False,False,3117,114778.6538,16.38192344,43.73239491,0,False,False,661,711,,,-1,G1,2,-1,mother,-1,-1,False,False,3155,123335.4319,16.5816389,46.99265617
Position_6,0,14,False,False,771,740,,,-1,G1,2,-1,mother,-1,-1,False,False,2223,72636.69135,11.68335445,27.67567284,0,False,False,768,739,,,-1,G1,2,-1,mother,-1,-1,False,False,2177,70631.73634,11.44159362,26.9117548
Position_6,0,15,False,False,707,752,,,-1,G1,2,-1,mother,-1,-1,False,False,3251,128278.4954,17.08618322,48.87603779,0,False,False,707,750,,,-1,G1,2,-1,mother,-1,-1,False,False,3232,125547.3982,16.98632549,47.83544864
Position_6,0,16,False,False,647,766,,,-1,G1,2,-1,mother,-1,-1,False,False,2094,67334.72957,11.00537301,25.65554559,0,False,False,650,763,,,-1,G1,2,-1,mother,-1,-1,False,False,2002,63468.84116,10.52185137,24.18258391
Position_7,0,1,False,False,296,178,,,-1,G1,2,-1,mother,-1,-1,False,False,5176,263050.2763,27.203348,100.2261151,0,False,False,297,178,,,-1,S,2,2,mother,-1,-1,False,False,4493,221911.7975,23.61372538,84.55173541
Position_7,0,2,False,False,341,206,,,-1,G1,2,-1,mother,-1,-1,False,False,777,15258.93175,4.083655602,5.813882696,0,False,False,338,207,,,-1,S,0,1,bud,-1,-1,False,False,863,17838.30215,4.535643224,6.796661647
Position_7,0,3,False,False,307,248,,,-1,G1,2,-1,mother,-1,-1,False,False,3631,153995.7982,19.08333783,58.6747173,0,False,False,305,248,,,-1,S,2,4,mother,-1,-1,False,False,3577,156022.7075,18.79953165,59.44700026
Position_7,0,4,False,False,250,284,,,-1,G1,2,-1,mother,-1,-1,False,False,2850,102226.8179,14.97865955,38.94995651,0,False,False,252,284,,,-1,S,0,3,bud,-1,-1,False,False,2667,91266.82514,14.01687193,34.77403426
Position_7,0,5,False,False,304,316,,,-1,G1,2,-1,mother,-1,-1,False,False,4102,183222.7274,21.55875841,69.81061727,0,False,False,302,315,,,-1,G1,2,-1,mother,-1,-1,False,False,4027,188922.0,21.16458315,71.98212594
Position_7,0,6,False,False,302,380,,,-1,G1,2,-1,mother,-1,-1,False,False,2988,113559.1892,15.70394201,43.26776053,0,False,False,302,379,,,-1,G1,2,-1,mother,-1,-1,False,False,2660,92860.60176,13.98008224,35.38128715
Position_7,0,7,False,False,114,612,,,-1,G1,2,-1,mother,-1,-1,False,False,3469,140873.2346,18.23191929,53.67482301,0,False,False,113,613,,,-1,S,2,8,mother,-1,-1,False,False,3032,121513.9805,15.93519149,46.29865579
Position_7,0,8,False,False,101,661,,,-1,G1,2,-1,mother,-1,-1,False,False,1835,57014.96803,9.644154479,21.72356109,0,False,False,101,662,,,-1,S,0,7,bud,-1,-1,False,False,1698,52169.79881,8.924127687,19.87747868
Position_7,0,9,False,False,658,687,,,-1,G1,2,-1,mother,-1,-1,False,False,4692,230627.0566,24.65960372,87.87238029,0,False,False,658,687,,,-1,S,2,10,mother,-1,-1,False,False,4098,191935.2349,21.53773573,73.13021379
Position_7,0,10,False,False,656,751,,,-1,G1,2,-1,mother,-1,-1,False,False,2785,108109.3539,14.63704099,41.19129124,0,False,False,657,751,,,-1,S,0,9,bud,-1,-1,False,False,2551,91529.71983,13.40721421,34.87420109
Position_8,0,1,False,False,71,75,,,-1,G1,2,-1,mother,-1,-1,False,False,3638,154692.2387,19.12012752,58.94007159,0,False,False,72,77,,,-1,S,2,3,mother,-1,-1,False,False,3277,132330.7839,17.22283064,50.42002072
Position_8,0,2,False,False,745,109,,,-1,G1,2,-1,mother,-1,-1,False,False,6414,377087.4478,33.70986748,143.6759941,0,False,False,746,109,,,-1,S,2,5,mother,-1,-1,False,False,5312,283330.0655,27.91811912,107.9530201
Position_8,0,3,False,False,58,116,,,-1,G1,2,-1,mother,-1,-1,False,False,307,3557.081283,1.613490695,1.355301515,0,False,False,58,115,,,-1,S,0,1,bud,-1,-1,False,False,208,2173.775628,1.093179363,0.828241237
Position_8,0,4,False,False,115,124,,,-1,G1,2,-1,mother,-1,-1,False,False,4465,221710.0734,23.46656662,84.47487546,0,False,False,113,124,,,-1,S,2,6,mother,-1,-1,False,False,3888,176430.6382,20.43404502,67.22272905
Position_8,0,5,False,False,729,180,,,-1,G1,2,-1,mother,-1,-1,False,False,3280,133668.3718,17.23859765,50.92966181,0,False,False,730,181,,,-1,S,0,2,bud,-1,-1,False,False,3050,120015.2219,16.02979355,45.7276062
Position_8,0,6,False,False,108,186,,,-1,G1,2,-1,mother,-1,-1,False,False,2705,101184.5335,14.21658739,38.55283045,0,False,False,108,186,,,-1,S,0,4,bud,-1,-1,False,False,2431,89222.39836,12.77653381,33.99507688
Position_8,0,7,False,False,444,299,,,-1,G1,2,-1,mother,-1,-1,False,False,4943,257386.8854,25.97877689,98.06827792,0,False,False,444,299,,,-1,S,2,9,mother,-1,-1,False,False,4445,222021.4657,23.36145322,84.59352062
Position_8,0,8,False,False,174,333,,,-1,G1,2,-1,mother,-1,-1,False,False,4561,217048.2337,23.97111094,82.69864439,0,False,False,175,333,,,-1,S,2,10,mother,-1,-1,False,False,3955,183918.3956,20.78617491,70.07567732
Position_8,0,9,False,False,428,355,,,-1,G1,2,-1,mother,-1,-1,False,False,1739,51881.729,9.139610158,19.76771975,0,False,False,428,354,,,-1,S,0,7,bud,-1,-1,False,False,1565,45895.41116,8.225123575,17.48684254
Position_8,0,10,False,False,175,390,,,-1,G1,2,-1,mother,-1,-1,False,False,2120,66785.53719,11.14202043,25.44629503,0,False,False,176,390,,,-1,S,0,8,bud,-1,-1,False,False,1948,62713.95798,10.23804519,23.89496205
Position_8,0,11,False,False,567,724,,,-1,G1,2,-1,mother,-1,-1,False,False,5069,263145.7678,26.64099131,100.2624988,0,False,False,567,725,,,-1,S,2,12,mother,-1,-1,False,False,4457,220910.8611,23.42452126,84.17036357
Position_8,0,12,False,False,542,782,,,-1,G1,2,-1,mother,-1,-1,False,False,2781,106165.827,14.61601831,40.45077827,0,False,False,543,782,,,-1,S,0,11,bud,-1,-1,False,False,2536,94496.75459,13.32837916,36.004686
Position_9,0,1,False,False,515,400,,,-1,G1,2,-1,mother,-1,-1,False,False,5301,272766.8456,27.86030675,103.9282743,0,False,False,516,400,,,-1,S,2,3,mother,-1,-1,False,False,4758,238144.2546,25.00647794,90.73654591
Position_9,0,2,False,False,323,429,,,-1,G1,2,-1,mother,-1,-1,False,False,4637,226637.1699,24.37054186,86.3521734,0,False,False,324,428,,,-1,S,2,4,mother,-1,-1,False,False,4254,202571.3189,22.35762025,77.1827219
Position_9,0,3,False,False,519,469,,,-1,G1,2,-1,mother,-1,-1,False,False,3380,145620.8803,17.76416465,55.48374748,0,False,False,519,468,,,-1,S,0,1,bud,-1,-1,False,False,3115,128898.0428,16.3714121,49.11209468
Position_9,0,4,False,False,342,493,,,-1,G1,2,-1,mother,-1,-1,False,False,2964,119529.9907,15.57780593,45.5427258,0,False,False,342,491,,,-1,S,0,2,bud,-1,-1,False,False,2779,103071.7467,14.60550697,39.2718871
Position_10,0,1,False,False,805,116,,,-1,G1,2,-1,mother,-1,-1,False,False,4068,180893.2008,21.38006563,68.92303258,0,False,False,808,117,,,-1,S,2,3,mother,-1,-1,False,False,3696,159537.0699,19.42495638,60.78602523
Position_10,0,2,False,False,40,129,,,-1,G1,2,-1,mother,-1,-1,False,False,2495,90602.7659,13.11289669,34.52101769,0,False,False,39,128,,,-1,G1,2,-1,mother,-1,-1,False,False,2452,85726.32559,12.88690288,32.66302053
Position_10,0,3,False,False,794,170,,,-1,G1,2,-1,mother,-1,-1,False,False,1516,44151.30927,7.967595744,16.82231346,0,False,False,796,169,,,-1,S,0,1,bud,-1,-1,False,False,1488,40958.17807,7.820436984,15.60568241
Position_10,0,4,False,False,165,183,,,-1,G1,2,-1,mother,-1,-1,False,False,4545,206481.5285,23.88702022,78.67257061,0,False,False,165,185,,,-1,G1,2,-1,mother,-1,-1,False,False,3991,177647.105,20.97537903,67.68622123
Position_10,0,5,False,False,161,243,,,-1,G1,2,-1,mother,-1,-1,False,False,2773,88500.79742,14.57397295,33.72013606,0,False,False,162,241,,,-1,G1,2,-1,mother,-1,-1,False,False,2726,93072.50962,14.32695646,35.46202723
Position_10,0,6,False,False,459,473,,,-1,G1,2,-1,mother,-1,-1,False,False,1284,34169.86907,6.748280301,13.01923449,0,False,False,458,474,,,-1,S,0,7,bud,-1,-1,False,False,1367,35240.45793,7.184500912,13.42714496
Position_10,0,7,False,False,413,504,,,-1,G1,2,-1,mother,-1,-1,False,False,4206,197769.783,22.10534809,75.35326445,0,False,False,413,505,,,-1,S,2,6,mother,-1,-1,False,False,3618,151048.4949,19.01501412,57.55175038
Position_10,0,8,False,False,245,545,,,-1,G1,2,-1,mother,-1,-1,False,False,4194,202146.2096,22.04228005,77.02074888,0,False,False,245,547,,,-1,S,2,11,mother,-1,-1,False,False,3688,160817.5899,19.38291102,61.27392263
Position_10,0,9,False,False,395,566,,,-1,G1,2,-1,mother,-1,-1,False,False,2863,100944.666,15.04698326,38.46143731,0,False,False,393,566,,,-1,G1,2,-1,mother,-1,-1,False,False,2731,102325.1628,14.35323481,38.98742736
Position_10,0,10,False,False,348,599,,,-1,G1,2,-1,mother,-1,-1,False,False,3831,162225.5935,20.13447183,61.81039319,0,False,False,348,601,,,-1,G1,2,-1,mother,-1,-1,False,False,3637,155164.4103,19.11487185,59.11997609
Position_10,0,11,False,False,255,611,,,-1,G1,2,-1,mother,-1,-1,False,False,2388,81975.14974,12.55054,31.23376606,0,False,False,257,611,,,-1,S,0,8,bud,-1,-1,False,False,2306,76047.59049,12.11957506,28.97527676
Position_10,0,12,False,False,408,633,,,-1,G1,2,-1,mother,-1,-1,False,False,2480,86490.46079,13.03406164,32.95416754,0,False,False,403,633,,,-1,G1,2,-1,mother,-1,-1,False,False,2558,90455.98646,13.4440039,34.46509252
Position_10,0,13,False,False,300,644,,,-1,G1,2,-1,mother,-1,-1,False,False,2585,92517.22254,13.58590699,35.25045449,0,False,False,303,641,,,-1,S,2,16,mother,-1,-1,False,False,2949,113285.4824,15.49897088,43.16347412
Position_10,0,14,False,False,361,670,,,-1,G1,2,-1,mother,-1,-1,False,False,3280,133341.131,17.23859765,50.80497814,0,False,False,359,666,,,-1,S,2,15,mother,-1,-1,False,False,3336,138028.8798,17.53291517,52.59108102
Position_10,0,15,False,False,366,728,,,-1,G1,2,-1,mother,-1,-1,False,False,2927,117151.6994,15.38334614,44.63656101,0,False,False,366,727,,,-1,S,0,14,bud,-1,-1,False,False,2445,86112.4896,12.85011319,32.81015483
Position_10,0,16,False,False,267,643,,,-1,G1,2,-1,mother,-1,-1,False,False,64,323.7439604,0.336362881,0.123351322,0,False,False,266,643,,,-1,S,0,13,bud,-1,-1,False,False,25,77.9933156,0.13139175,0.029716627
Position_11,0,1,False,False,606,125,,,-1,G1,2,-1,mother,-1,-1,False,False,5150,247318.1003,27.06670058,94.2319192,0,False,False,606,125,,,-1,S,2,2,mother,-1,-1,False,False,4630,217381.9291,24.33375217,82.82578736
Position_11,0,2,False,False,605,185,,,-1,G1,2,-1,mother,-1,-1,False,False,1805,54536.64079,9.486484379,20.77928111,0,False,False,605,184,,,-1,S,0,1,bud,-1,-1,False,False,1656,49989.71696,8.703389546,19.04683468
Position_11,0,3,False,False,424,457,,,-1,G1,2,-1,mother,-1,-1,False,False,3740,164060.1777,19.65620586,62.50939737,0,False,False,424,456,,,-1,S,2,5,mother,-1,-1,False,False,3440,142849.0533,18.07950486,54.4276397
Position_11,0,4,False,False,202,613,,,-1,G1,2,-1,mother,-1,-1,False,False,4529,222298.54,23.8029295,84.69909011,0,False,False,202,612,,,-1,G1,2,-1,mother,-1,-1,False,False,4231,204979.3426,22.23673984,78.10021519
Position_11,0,5,False,False,451,485,,,-1,G1,2,-1,mother,-1,-1,False,False,301,3635.605806,1.581956675,1.385220541,0,False,False,448,484,,,-1,S,0,3,bud,-1,-1,False,False,301,3481.339363,1.581956675,1.326442704
Position_12,0,1,False,False,759,74,,,-1,G1,2,-1,mother,-1,-1,False,False,3237,130100.2599,17.01260384,49.57015747,0,False,False,759,75,,,-1,S,2,2,mother,-1,-1,False,False,2839,104743.0221,14.92084718,39.90866818
Position_12,0,2,False,False,754,133,,,-1,G1,2,-1,mother,-1,-1,False,False,2116,69700.41923,11.12099775,26.55690896,0,False,False,755,133,,,-1,S,0,1,bud,-1,-1,False,False,1918,57770.6014,10.08037509,22.01146878
Position_12,0,3,False,False,262,190,,,-1,G1,2,-1,mother,-1,-1,False,False,4605,230118.7473,24.20236042,87.6787068,0,False,False,263,191,,,-1,S,2,4,mother,-1,-1,False,False,4070,187356.1446,21.39057697,71.38551145
Position_12,0,4,False,False,315,200,,,-1,G1,2,-1,mother,-1,-1,False,False,1063,24380.79055,5.586777227,9.289448217,0,False,False,313,202,,,-1,S,0,3,bud,-1,-1,False,False,1245,31740.55216,6.54330917,12.09362818
Position_12,0,5,False,False,266,259,,,-1,G1,2,-1,mother,-1,-1,False,False,3344,144922.9674,17.57496053,55.21783216,0,False,False,267,258,,,-1,G1,2,-1,mother,-1,-1,False,False,3198,132162.2573,16.80763271,50.35580952
Position_12,0,6,False,False,248,713,,,-1,G1,2,-1,mother,-1,-1,False,False,3886,176409.7401,20.42353368,67.21476654,0,False,False,247,716,,,-1,S,2,8,mother,-1,-1,False,False,3545,153479.087,18.63135021,58.47784253
Position_12,0,7,False,False,188,742,,,-1,G1,2,-1,mother,-1,-1,False,False,3778,158033.0681,19.85592132,60.2129779,0,False,False,191,743,,,-1,S,2,9,mother,-1,-1,False,False,3462,144890.2652,18.1951296,55.20537214
Position_12,0,8,False,False,247,763,,,-1,G1,2,-1,mother,-1,-1,False,False,721,12973.05396,3.789338082,4.942928847,0,False,False,243,761,,,-1,S,0,6,bud,-1,-1,False,False,818,14542.55528,4.299138073,5.54093248
Position_12,0,9,False,False,223,785,,,-1,G1,2,-1,mother,-1,-1,False,False,1130,26071.90161,5.938907118,9.933786987,0,False,False,223,783,,,-1,S,0,7,bud,-1,-1,False,False,1230,32351.17745,6.46447412,12.32628561
Position_13,0,1,False,False,280,74,,,-1,G1,2,-1,mother,-1,-1,False,False,3720,164889.3625,19.55109246,62.82532927,0,False,False,278,74,,,-1,S,2,2,mother,-1,-1,False,False,3398,145465.7181,17.85876671,55.42462836
Position_13,0,2,False,False,269,130,,,-1,G1,2,-1,mother,-1,-1,False,False,2149,73349.4528,11.29443486,27.94724568,0,False,False,268,129,,,-1,S,0,1,bud,-1,-1,False,False,1991,64910.42015,10.464039,24.7318472
Position_13,0,3,False,False,496,188,,,-1,G1,2,-1,mother,-1,-1,False,False,5231,270863.5498,27.49240985,103.2030899,0,False,False,497,190,,,-1,S,2,8,mother,-1,-1,False,False,4678,238719.2354,24.58602433,90.95562223
Position_13,0,4,False,False,501,253,,,-1,G1,2,-1,mother,-1,-1,False,False,3235,118973.7812,17.0020925,45.3308016,0,False,False,502,251,,,-1,G1,2,-1,mother,-1,-1,False,False,2995,111807.2248,15.7407317,42.60023574
Position_13,0,5,False,False,333,597,,,-1,G1,2,-1,mother,-1,-1,False,False,397,5259.404385,2.086500996,2.003912243,0,False,False,334,596,,,-1,S,0,6,bud,-1,-1,False,False,377,4472.589876,1.981387596,1.704124071
Position_13,0,6,False,False,330,641,,,-1,G1,2,-1,mother,-1,-1,False,False,3938,178221.0448,20.69682852,67.90490092,0,False,False,331,639,,,-1,S,2,5,mother,-1,-1,False,False,3793,167756.3718,19.93475637,63.91770298
Position_13,0,7,False,False,556,742,,,-1,G1,2,-1,mother,-1,-1,False,False,3611,154156.8696,18.97822443,58.7360879,0,False,False,557,742,,,-1,S,2,9,mother,-1,-1,False,False,3250,137096.9925,17.08092755,52.23601792
Position_14,0,1,False,False,253,179,,,-1,G1,2,-1,mother,-1,-1,False,False,3432,143629.0231,18.03745949,54.72481992,0,False,False,253,180,,,-1,S,2,2,mother,-1,-1,False,False,3200,131683.1455,16.81814405,50.17326071
Position_14,0,2,False,False,252,233,,,-1,G1,2,-1,mother,-1,-1,False,False,2131,70137.50005,11.1998328,26.72344333,0,False,False,251,231,,,-1,S,0,1,bud,-1,-1,False,False,1898,60825.98784,9.97526169,23.17561701
Position_14,0,3,False,False,453,303,,,-1,G1,2,-1,mother,-1,-1,False,False,1448,37479.17299,7.610210183,14.2801291,0,False,False,453,307,,,-1,S,0,5,bud,-1,-1,False,False,1526,41955.27784,8.020152444,15.98559243
Position_14,0,4,False,False,516,309,,,-1,G1,2,-1,mother,-1,-1,False,False,3841,177527.13,20.18702853,67.64050894,0,False,False,514,309,,,-1,S,2,6,mother,-1,-1,False,False,3611,156907.8183,18.97822443,59.78424077
Position_14,0,5,False,False,408,340,,,-1,G1,2,-1,mother,-1,-1,False,False,3581,145841.4424,18.82055433,55.56778497,0,False,False,411,341,,,-1,S,2,3,mother,-1,-1,False,False,3303,133414.5018,17.35947806,50.83293355
Position_14,0,6,False,False,471,349,,,-1,G1,2,-1,mother,-1,-1,False,False,2031,62318.95816,10.6742658,23.74446118,0,False,False,469,346,,,-1,S,0,4,bud,-1,-1,False,False,2180,72345.27914,11.45736063,27.5646404
Position_14,0,7,False,False,414,399,,,-1,G1,2,-1,mother,-1,-1,False,False,3282,121211.1084,17.24910899,46.18325693,0,False,False,413,397,,,-1,G1,2,-1,mother,-1,-1,False,False,3039,116476.0265,15.97198118,44.37911945
Position_14,0,8,False,False,207,618,,,-1,G1,2,-1,mother,-1,-1,False,False,3628,159298.8683,19.06757082,60.69526682,0,False,False,208,618,,,-1,S,2,9,mother,-1,-1,False,False,3251,137951.9085,17.08618322,52.56175379
Position_14,0,9,False,False,238,672,,,-1,G1,2,-1,mother,-1,-1,False,False,2689,98798.90484,14.13249667,37.64387001,0,False,False,238,670,,,-1,S,0,8,bud,-1,-1,False,False,2604,94167.2781,13.68576472,35.8791505
Position_15,0,1,False,False,205,109,,,-1,G1,2,-1,mother,-1,-1,False,False,3464,151472.5058,18.20564094,57.71330489,0,False,False,205,109,,,-1,S,2,2,mother,-1,-1,False,False,3363,144312.5773,17.67481826,54.98526437
Position_15,0,2,False,False,239,154,,,-1,G1,2,-1,mother,-1,-1,False,False,2240,76671.38856,11.77270084,29.21295321,0,False,False,238,153,,,-1,S,0,1,bud,-1,-1,False,False,2313,81144.21694,12.15636475,30.91716816
Position_15,0,3,False,False,230,283,,,-1,G1,2,-1,mother,-1,-1,False,False,3187,130919.0781,16.74982034,49.88213954,0,False,False,232,283,,,-1,G1,2,-1,mother,-1,-1,False,False,3195,132315.028,16.7918657,50.41401747
Position_15,0,4,False,False,319,288,,,-1,G1,2,-1,mother,-1,-1,False,False,235,2601.908067,1.235082454,0.991366141,0,False,False,323,289,593.0,689.0,4,S,0,5,bud,-1,-1,False,False,412,4550.668746,2.165336047,1.733873296
Position_15,0,5,False,False,357,298,,,-1,G1,2,-1,mother,-1,-1,False,False,3548,148419.0155,18.64711722,56.54987913,0,False,False,359,298,359.0,298.0,5,S,2,4,mother,-1,-1,False,False,3631,154989.0667,19.08333783,59.05316754
Position_15,0,6,False,False,593,689,,,-1,G1,2,-1,mother,-1,-1,False,False,3464,142779.5292,18.20564094,54.40114997,0,False,False,593,689,593.0,689.0,6,S,2,7,mother,-1,-1,False,False,3579,147334.6269,18.81004299,56.13671076
Position_15,0,7,False,False,589,751,,,-1,G1,2,-1,mother,-1,-1,False,False,1865,55341.0202,9.80182458,21.08576177,0,False,False,591,750,591.0,750.0,7,S,0,6,bud,-1,-1,False,False,1923,57952.08953,10.10665344,22.08061849
Position_16,0,1,False,False,368,332,,,-1,G1,2,-1,mother,-1,-1,False,False,3646,163204.3496,19.16217288,62.18331397,0,False,False,368,333,,,-1,S,2,2,mother,-1,-1,False,False,3332,139629.1091,17.51189249,53.20079245
Position_16,0,2,False,False,336,379,,,-1,G1,2,-1,mother,-1,-1,False,False,2079,68859.02418,10.92653796,26.23632478,0,False,False,337,378,,,-1,S,0,1,bud,-1,-1,False,False,1821,56061.7458,9.570575099,21.36036907
Position_16,0,3,False,False,297,553,,,-1,G1,2,-1,mother,-1,-1,False,False,3904,179736.8639,20.51813574,68.48245082,0,False,False,297,552,,,-1,G1,2,-1,mother,-1,-1,False,False,3832,173465.7734,20.1397275,66.09307093
Position_17,0,1,False,False,321,117,,,-1,G1,2,-1,mother,-1,-1,False,False,4326,212716.7009,22.73602849,81.04826518,0,False,False,322,117,,,-1,S,2,2,mother,-1,-1,False,False,3921,180237.8647,20.60748213,68.67333968
Position_17,0,2,False,False,306,178,,,-1,G1,2,-1,mother,-1,-1,False,False,2606,98102.13925,13.69627606,37.37839183,0,False,False,306,178,,,-1,S,0,1,bud,-1,-1,False,False,2268,75860.93899,11.9198596,28.90415973
Position_17,0,3,False,False,688,517,,,-1,G1,2,-1,mother,-1,-1,False,False,3012,123314.9297,15.83007809,46.98484454,0,False,False,689,518,,,-1,G1,2,-1,mother,-1,-1,False,False,2622,100074.2932,13.78036678,38.12981217
Position_18,0,1,False,False,403,124,,,-1,G1,2,-1,mother,-1,-1,False,False,4621,225468.5122,24.28645114,85.90689724,0,False,False,404,125,,,-1,S,2,2,mother,-1,-1,False,False,4551,223220.0792,23.91855424,85.05021043
Position_18,0,2,False,False,420,172,,,-1,G1,2,-1,mother,-1,-1,False,False,736,13995.44679,3.868173132,5.332475908,0,False,False,420,173,,,-1,S,0,1,bud,-1,-1,False,False,826,15645.15063,4.341183433,5.961037903
Position_18,0,3,False,False,610,644,,,-1,G1,2,-1,mother,-1,-1,False,False,5171,266638.3947,27.17706965,101.5932422,0,False,False,611,645,,,-1,S,2,4,mother,-1,-1,False,False,4656,232178.3094,24.47039959,88.46343099
Position_18,0,4,False,False,616,710,,,-1,G1,2,-1,mother,-1,-1,False,False,2853,112014.1251,14.99442656,42.67906788,0,False,False,616,709,,,-1,S,0,3,bud,-1,-1,False,False,2662,102169.0386,13.99059358,38.9279417
Position_19,0,1,False,False,272,153,,,-1,G1,2,-1,mother,-1,-1,False,False,3954,182861.1644,20.78091924,69.67285635,0,False,False,272,154,,,-1,S,2,2,mother,-1,-1,False,False,3821,169838.5929,20.08191513,64.71106054
Position_19,0,2,False,False,257,198,,,-1,G1,2,-1,mother,-1,-1,False,False,452,6835.676956,2.375562847,2.604495821,0,False,False,255,198,255.0,198.0,2,S,0,1,bud,-1,-1,False,False,365,5104.841887,1.918319556,1.945021604
Position_19,0,3,False,False,282,653,,,-1,G1,2,-1,mother,-1,-1,False,False,3427,143334.4577,18.01118114,54.61258608,0,False,False,282,655,282.0,655.0,3,S,2,5,mother,-1,-1,False,False,3045,119278.5086,16.0035152,45.44690733
Position_19,0,4,False,False,439,676,,,-1,G1,2,-1,mother,-1,-1,False,False,3340,133374.7343,17.55393785,50.8177815,0,False,False,439,676,430.0,727.0,4,S,2,6,mother,-1,-1,False,False,3012,118004.4479,15.83007809,44.96147102
Position_19,0,5,False,False,278,704,,,-1,G1,2,-1,mother,-1,-1,False,False,1467,40304.50077,7.710067913,15.35662151,0,False,False,278,704,278.0,704.0,5,S,0,3,bud,-1,-1,False,False,1373,36995.04936,7.216034932,14.09567071
Position_19,0,6,False,False,429,728,,,-1,G1,2,-1,mother,-1,-1,False,False,2331,76903.50584,12.25096681,29.30139339,0,False,False,430,727,282.0,655.0,6,S,0,4,bud,-1,-1,False,False,2112,70174.07757,11.09997507,26.73737992
Position_20,0,1,False,False,154,145,,,-1,G1,2,-1,mother,-1,-1,False,False,3906,171214.167,20.52864708,65.23517498,0,False,False,155,148,,,-1,S,2,3,mother,-1,-1,False,False,3647,157792.896,19.16742855,60.1214687
Position_20,0,3,False,False,138,188,,,-1,G1,2,-1,mother,-1,-1,False,False,518,7871.699405,2.722437068,2.99923597,0,False,False,140,188,140.0,188.0,3,S,0,1,bud,-1,-1,False,False,373,4965.710835,1.960364916,1.892010579
Position_20,0,4,False,False,201,196,,,-1,G1,2,-1,mother,-1,-1,False,False,4714,240512.4872,24.77522846,91.63887819,0,False,False,199,196,199.0,196.0,4,S,2,6,mother,-1,-1,False,False,4289,204466.9558,22.5415687,77.90498811
Position_20,0,5,False,False,808,254,,,-1,G1,2,-1,mother,-1,-1,False,False,3051,117631.7438,16.03504922,44.81946515,0,False,False,811,252,526.0,371.0,5,G1,2,-1,mother,-1,-1,False,False,3298,138151.3828,17.33319971,52.63775651
Position_20,0,6,False,False,193,260,,,-1,G1,2,-1,mother,-1,-1,False,False,2858,109814.9838,15.02070491,41.84116193,0,False,False,194,259,194.0,259.0,6,S,0,4,bud,-1,-1,False,False,2576,97337.4491,13.53860596,37.08703337
Position_20,0,7,False,False,526,370,,,-1,G1,2,-1,mother,-1,-1,False,False,4872,254717.159,25.60562432,97.05107197,0,False,False,526,371,526.0,371.0,7,S,2,9,mother,-1,-1,False,False,4423,215595.288,23.24582848,82.14505017
Position_20,0,8,False,False,258,402,,,-1,G1,2,-1,mother,-1,-1,False,False,4604,224052.5194,24.19710475,85.36738266,0,False,False,258,403,258.0,403.0,8,S,2,10,mother,-1,-1,False,False,4073,189982.6907,21.40634398,72.38626505
Position_20,0,9,False,False,510,432,,,-1,G1,2,-1,mother,-1,-1,False,False,2575,96416.08325,13.53335029,36.73597912,0,False,False,510,432,510.0,432.0,9,S,0,7,bud,-1,-1,False,False,2313,80974.143,12.15636475,30.85236742
Position_20,0,10,False,False,259,463,,,-1,G1,2,-1,mother,-1,-1,False,False,2352,81836.00822,12.36133588,31.18075105,0,False,False,259,461,259.0,461.0,10,S,0,8,bud,-1,-1,False,False,2202,76886.37141,11.57298538,29.29486491
Position_21,0,1,False,False,276,162,,,-1,G1,2,-1,mother,-1,-1,False,False,3340,131134.8895,17.55393785,49.96436695,0,False,False,277,163,,,-1,S,2,2,mother,-1,-1,False,False,3135,124593.0971,16.4765255,47.47184554
Position_21,0,2,False,False,279,205,,,-1,G1,2,-1,mother,-1,-1,False,False,840,17682.45996,4.414762813,6.737283429,0,False,False,280,206,,,-1,S,0,1,bud,-1,-1,False,False,837,17323.78865,4.398995803,6.600624259
Position_21,0,3,False,False,459,631,,,-1,G1,2,-1,mother,-1,-1,False,False,3737,159269.428,19.64043885,60.68404964,0,False,False,459,632,,,-1,S,2,4,mother,-1,-1,False,False,3451,143733.1359,18.13731723,54.76448845
Position_21,0,4,False,False,462,688,,,-1,G1,2,-1,mother,-1,-1,False,False,2265,77937.88005,11.90409259,29.69550553,0,False,False,462,687,,,-1,S,0,3,bud,-1,-1,False,False,1978,62249.39796,10.39571529,23.71795769
Position_22,0,1,False,False,72,218,,,-1,G1,2,-1,mother,-1,-1,False,False,3091,120766.2613,16.24527602,46.01376352,0,False,False,73,219,,,-1,G1,2,-1,mother,-1,-1,False,False,2984,117227.2637,15.68291933,44.66535214
Position_22,0,2,False,False,573,230,,,-1,G1,2,-1,mother,-1,-1,False,False,3717,168567.9702,19.53532545,64.22693418,0,False,False,573,231,,,-1,S,2,3,mother,-1,-1,False,False,3290,140049.634,17.29115435,53.3610188
Position_22,0,3,False,False,539,278,,,-1,G1,2,-1,mother,-1,-1,False,False,2425,87617.92873,12.74499979,33.3837498,0,False,False,540,277,,,-1,S,0,2,bud,-1,-1,False,False,2190,72707.17431,11.50991734,27.70252791
Position_22,0,4,False,False,482,600,,,-1,G1,2,-1,mother,-1,-1,False,False,3959,171451.8427,20.80719759,65.325733,0,False,False,482,602,,,-1,S,2,5,mother,-1,-1,False,False,3681,155915.0576,19.34612133,59.405984
Position_22,0,5,False,False,479,666,,,-1,G1,2,-1,mother,-1,-1,False,False,2614,96440.42528,13.73832142,36.74525379,0,False,False,479,665,,,-1,S,0,4,bud,-1,-1,False,False,2332,79595.25054,12.25622248,30.32698864
Position_23,0,1,False,False,370,57,,,-1,G1,2,-1,mother,-1,-1,False,False,4248,191424.3707,22.32608623,72.93556685,0,False,False,369,59,369.0,59.0,1,G1,2,-1,mother,-1,-1,False,False,4038,190861.4515,21.22239552,72.72108614
Position_23,0,2,False,False,305,87,,,-1,G1,2,-1,mother,-1,-1,False,False,4153,186687.5305,21.82679758,71.13075942,0,False,False,309,87,,,-1,G1,2,-1,mother,-1,-1,False,False,4040,181546.8101,21.23290686,69.17206756
Position_23,0,3,False,False,370,108,,,-1,G1,2,-1,mother,-1,-1,False,False,733,13947.84999,3.852406122,5.314340808,0,False,False,370,109,,,-1,S,0,5,bud,-1,-1,False,False,1153,26384.24383,6.059787528,10.05279408
Position_23,0,4,False,False,414,114,,,-1,G1,2,-1,mother,-1,-1,False,False,2797,100349.5733,14.70010903,38.23469803,0,False,False,411,113,,,-1,G1,2,-1,mother,-1,-1,False,False,2537,87451.43059,13.33363483,33.32031151
Position_23,0,5,False,False,342,149,,,-1,G1,2,-1,mother,-1,-1,False,False,4302,184039.0125,22.60989241,70.12163419,0,False,False,341,149,,,-1,S,2,3,mother,-1,-1,False,False,3777,164345.8426,19.85066565,62.61824002
Position_23,0,6,False,False,569,167,,,-1,G1,2,-1,mother,-1,-1,False,False,4111,190579.7986,21.60605944,72.61377217,0,False,False,569,170,569.0,170.0,6,S,2,7,mother,-1,-1,False,False,3772,169330.6763,19.8243873,64.51753668
Position_23,0,7,False,False,526,178,,,-1,G1,2,-1,mother,-1,-1,False,False,437,6514.07599,2.296727797,2.481961012,0,False,False,528,181,528.0,181.0,7,S,0,6,bud,-1,-1,False,False,397,5041.860485,2.086500996,1.921024743
Position_23,0,8,False,False,629,194,,,-1,G1,2,-1,mother,-1,-1,False,False,3237,131146.5892,17.01260384,49.9688247,0,False,False,626,196,401.0,215.0,8,S,2,13,mother,-1,-1,False,False,2992,118682.1077,15.72496469,45.2196696
Position_23,0,9,False,False,536,207,,,-1,G1,2,-1,mother,-1,-1,False,False,550,9278.720632,2.890618509,3.535332238,0,False,False,539,208,,,-1,S,0,12,bud,-1,-1,False,False,723,14137.26691,3.799849422,5.386511509
Position_23,0,10,False,False,341,209,,,-1,G1,2,-1,mother,-1,-1,False,False,3727,148981.7433,19.58788215,56.76428688,0,False,False,343,208,343.0,208.0,10,S,2,21,mother,-1,-1,False,False,3130,118228.643,16.45024715,45.04689274
Position_23,0,11,False,False,403,216,,,-1,G1,2,-1,mother,-1,-1,False,False,2151,70851.92401,11.3049462,26.99564962,0,False,False,401,215,401.0,215.0,11,G1,2,-1,mother,-1,-1,False,False,1915,59602.08276,10.06460808,22.70929075
Position_23,0,12,False,False,578,240,,,-1,G1,2,-1,mother,-1,-1,False,False,4676,221543.2976,24.57551299,84.41133139,0,False,False,579,238,579.0,238.0,12,S,2,9,mother,-1,-1,False,False,4404,210880.0805,23.14597075,80.34848517
Position_23,0,13,False,False,639,246,,,-1,G1,2,-1,mother,-1,-1,False,False,1374,38093.56849,7.221290602,14.51422304,0,False,False,636,244,636.0,244.0,13,S,0,8,bud,-1,-1,False,False,1369,36003.09645,7.195012252,13.71772172
Position_23,0,14,False,False,529,264,,,-1,G1,2,-1,mother,-1,-1,False,False,439,6192.921863,2.307239137,2.359596455,0,False,False,533,266,533.0,266.0,14,S,0,15,bud,-1,-1,False,False,298,2923.154605,1.566189665,1.113765908
Position_23,0,15,False,False,552,302,,,-1,G1,2,-1,mother,-1,-1,False,False,3778,168610.6295,19.85592132,64.24318801,0,False,False,553,300,553.0,300.0,15,S,2,14,mother,-1,-1,False,False,3352,138758.7248,17.61700589,52.86916294
Position_23,0,16,False,False,419,428,,,-1,G1,2,-1,mother,-1,-1,False,False,3422,148828.2602,17.98490279,56.7058075,0,False,False,419,428,419.0,428.0,16,G1,2,-1,mother,-1,-1,False,False,2989,121086.5291,15.70919768,46.13579036
Position_23,0,17,False,False,575,655,,,-1,G1,2,-1,mother,-1,-1,False,False,3292,122128.4542,17.30166569,46.53277952,0,False,False,577,658,577.0,658.0,17,G1,2,-1,mother,-1,-1,False,False,2968,111893.7685,15.59882861,42.63321018
Position_23,0,18,False,False,583,725,,,-1,G1,2,-1,mother,-1,-1,False,False,6569,381487.4787,34.52449634,145.3524721,0,False,False,583,724,583.0,724.0,18,S,2,20,mother,-1,-1,False,False,5335,286878.8441,28.03899954,109.3051581
Position_23,0,19,False,False,361,779,,,-1,G1,2,-1,mother,-1,-1,False,False,6386,380321.714,33.56270872,144.9082982,0,False,False,363,781,626.0,196.0,19,G1,2,-1,mother,-1,-1,False,False,5199,274361.9747,27.32422841,104.5360425
Position_23,0,20,False,False,584,787,,,-1,G1,2,-1,mother,-1,-1,False,False,1774,52172.91974,9.323558608,19.87866781,0,False,False,584,784,533.0,266.0,20,S,0,18,bud,-1,-1,False,False,1720,52273.17281,9.039752428,19.91686573
Position_23,0,21,False,False,311,183,,,-1,G1,2,-1,mother,-1,-1,False,False,140,1186.209842,0.735793802,0.451963806,0,False,False,313,183,313.0,183.0,21,S,0,10,bud,-1,-1,False,False,246,2829.621816,1.292894824,1.078128508
