Cell_ID,generation_num,position,file,cell_cycle_stage,selection_subset,phase_volume_at_beginning,phase_volume_at_end,phase_mCitrine_amount_at_beginning,phase_mCitrine_amount_comb_end,phase_volume_at_end_combined,relevant_volume,relevant_amount,Kind of Measurement,Kind of Measurement new,Generation
1,1,Position_3,MIA_KC_test_files_flu_control,G1,1,51.07658901,111.7287862,706.9999999999989,1918.9999999999975,111.7287862,51.07658901,706.9999999999989,Single Cell in G1 (Frame after Cytokinesis),"Af control, sc at birth",1st ($n_1$=64)
1,1,Position_3,MIA_KC_test_files_flu_control,S,1,109.2863008,105.2566297,1492.9999999999975,2036.0,158.16482731000002,158.16482731000002,2036.0,Combined Mother & Bud in S (Frame before Cytokinesis),"Af control, m+b at cytokinesis",1st ($n_1$=64)
1,2,Position_3,MIA_KC_test_files_flu_control,G1,1,114.0323383,91.57429889,1168.0000000000018,1433.0000000000018,91.57429889,114.0323383,1168.0000000000018,Single Cell in G1 (Frame after Cytokinesis),"Af control, sc at birth",2+ ($n_2$=123)
1,2,Position_3,MIA_KC_test_files_flu_control,S,1,100.944155,105.3826346,1898.9999999999984,1734.9999999999961,160.10732253,160.10732253,1734.9999999999961,Combined Mother & Bud in S (Frame before Cytokinesis),"Af control, m+b at cytokinesis",2+ ($n_2$=123)
1,3,Position_1,MIA_KC_test_files_flu_control,G1,1,119.89333895349392,146.0060961756164,2512.999999999999,1919.9999999999995,146.0060961756164,119.89333895349392,2512.999999999999,Single Cell in G1 (Frame after Cytokinesis),"Af control, sc at birth",2+ ($n_2$=123)
1,3,Position_2,MIA_KC_test_files,G1,0,128.0973419438612,173.81665166882368,348895.0,354678.0,173.81665166882368,128.0973419438612,348895.0,Single Cell in G1 (Frame after Cytokinesis),Single cell at birth,2+ ($n_2$=123)
1,3,Position_3,MIA_KC_test_files,G1,0,89.4391383286485,111.26433906178492,293741.0,307918.00000000006,111.26433906178492,89.4391383286485,293741.0,Single Cell in G1 (Frame after Cytokinesis),Single cell at birth,2+ ($n_2$=123)
1,3,Position_3,MIA_KC_test_files_flu_control,G1,1,101.2260888,120.6600269,1269.9999999999964,1608.0,120.6600269,101.2260888,1269.9999999999964,Single Cell in G1 (Frame after Cytokinesis),"Af control, sc at birth",2+ ($n_2$=123)
1,3,Position_4,MIA_KC_test_files,G1,0,86.52329841483821,95.16659223590568,333412.0,322220.0,95.16659223590568,86.52329841483821,333412.0,Single Cell in G1 (Frame after Cytokinesis),Single cell at birth,2+ ($n_2$=123)
1,3,Position_5,MIA_KC_test_files,G1,0,174.0826986,174.500315,400792.0,355494.99999999994,174.500315,174.0826986,400792.0,Single Cell in G1 (Frame after Cytokinesis),Single cell at birth,2+ ($n_2$=123)
1,3,Position_8,MIA_KC_test_files,G1,0,130.2672586761606,149.85382124221974,395005.0,419297.0,149.85382124221974,130.2672586761606,395005.0,Single Cell in G1 (Frame after Cytokinesis),Single cell at birth,2+ ($n_2$=123)
1,3,Position_1,MIA_KC_test_files_flu_control,S,1,142.97152454775227,132.3867011173848,2060.000000000002,2906.999999999999,176.8501367772785,176.8501367772785,2906.999999999999,Combined Mother & Bud in S (Frame before Cytokinesis),"Af control, m+b at cytokinesis",2+ ($n_2$=123)
1,3,Position_2,MIA_KC_test_files,S,0,177.337331962253,180.10701775603525,362238.0,563949.0,237.89710776487405,237.89710776487405,563949.0,Combined Mother & Bud in S (Frame before Cytokinesis),Mother+bud at cytokinesis,2+ ($n_2$=123)
1,3,Position_3,MIA_KC_test_files,S,0,110.44944327728427,121.45761150228566,313254.0,481796.0,158.57356812589126,158.57356812589126,481796.0,Combined Mother & Bud in S (Frame before Cytokinesis),Mother+bud at cytokinesis,2+ ($n_2$=123)
1,3,Position_3,MIA_KC_test_files_flu_control,S,1,127.0039918,105.7093622,1371.9999999999986,2156.0000000000027,160.34945918,160.34945918,2156.0000000000027,Combined Mother & Bud in S (Frame before Cytokinesis),"Af control, m+b at cytokinesis",2+ ($n_2$=123)
1,3,Position_4,MIA_KC_test_files,S,0,88.84472080463915,93.23363392056524,308294.0,471187.0,140.45926630771785,140.45926630771785,471187.0,Combined Mother & Bud in S (Frame before Cytokinesis),Mother+bud at cytokinesis,2+ ($n_2$=123)
1,3,Position_5,MIA_KC_test_files,S,0,175.7446042,176.5072802,355234.0,645952.0,248.04804842,248.04804842,645952.0,Combined Mother & Bud in S (Frame before Cytokinesis),Mother+bud at cytokinesis,2+ ($n_2$=123)
1,3,Position_8,MIA_KC_test_files,S,0,151.98246247681024,136.8749527390748,439087.0,675322.0,184.93906813390709,184.93906813390709,675322.0,Combined Mother & Bud in S (Frame before Cytokinesis),Mother+bud at cytokinesis,2+ ($n_2$=123)
1,4,Position_1,MIA_KC_test_files_flu_control,G1,1,138.82276458326365,140.15388493550873,1521.0000000000016,1840.999999999997,140.15388493550873,138.82276458326365,1521.0000000000016,Single Cell in G1 (Frame after Cytokinesis),"Af control, sc at birth",2+ ($n_2$=123)
1,4,Position_2,MIA_KC_test_files,G1,0,181.89835978669387,181.25520386329364,310673.0,338008.0,181.25520386329364,181.89835978669387,310673.0,Single Cell in G1 (Frame after Cytokinesis),Single cell at birth,2+ ($n_2$=123)
1,4,Position_3,MIA_KC_test_files,G1,0,117.19840630724777,127.86313242367108,250288.0,262385.0,127.86313242367108,117.19840630724777,250288.0,Single Cell in G1 (Frame after Cytokinesis),Single cell at birth,2+ ($n_2$=123)
1,4,Position_3,MIA_KC_test_files_flu_control,G1,1,113.6703413,115.4294877,1409.9999999999995,2138.0,115.4294877,113.6703413,1409.9999999999995,Single Cell in G1 (Frame after Cytokinesis),"Af control, sc at birth",2+ ($n_2$=123)
1,4,Position_4,MIA_KC_test_files,G1,0,93.65081539199764,99.93859318083364,244259.0,232370.00000000003,99.93859318083364,93.65081539199764,244259.0,Single Cell in G1 (Frame after Cytokinesis),Single cell at birth,2+ ($n_2$=123)
1,4,Position_5,MIA_KC_test_files,G1,0,180.3590007,181.6460909,348885.00000000006,340606.0,181.6460909,180.3590007,348885.00000000006,Single Cell in G1 (Frame after Cytokinesis),Single cell at birth,2+ ($n_2$=123)
1,4,Position_8,MIA_KC_test_files,G1,0,128.27110069299496,150.96327064425782,343385.00000000006,354798.0,150.96327064425782,128.27110069299496,343385.00000000006,Single Cell in G1 (Frame after Cytokinesis),Single cell at birth,2+ ($n_2$=123)
1,4,Position_1,MIA_KC_test_files_flu_control,S,1,138.92280571735515,135.14880395720115,1509.0000000000027,2517.999999999998,198.86627568872726,198.86627568872726,2517.999999999998,Combined Mother & Bud in S (Frame before Cytokinesis),"Af control, m+b at cytokinesis",2+ ($n_2$=123)
1,4,Position_2,MIA_KC_test_files,S,0,182.99728496675093,151.85032850716482,350304.0,534258.0,224.81866623227842,224.81866623227842,534258.0,Combined Mother & Bud in S (Frame before Cytokinesis),Mother+bud at cytokinesis,2+ ($n_2$=123)
1,4,Position_3,MIA_KC_test_files,S,0,130.25112734097192,131.51516157397856,255567.0,538796.0,192.9637648463409,192.9637648463409,538796.0,Combined Mother & Bud in S (Frame before Cytokinesis),Mother+bud at cytokinesis,2+ ($n_2$=123)
1,4,Position_3,MIA_KC_test_files_flu_control,S,1,106.3107857,103.5996531,2219.999999999999,2537.999999999998,148.76933844,148.76933844,2537.999999999998,Combined Mother & Bud in S (Frame before Cytokinesis),"Af control, m+b at cytokinesis",2+ ($n_2$=123)
1,4,Position_4,MIA_KC_test_files,S,0,97.45481842868102,102.13260245941753,242848.0,523167.0,157.93255390589653,157.93255390589653,523167.0,Combined Mother & Bud in S (Frame before Cytokinesis),Mother+bud at cytokinesis,2+ ($n_2$=123)
1,4,Position_5,MIA_KC_test_files,S,0,178.8563816,171.9035926,333904.0,549417.0,237.74058731,237.74058731,549417.0,Combined Mother & Bud in S (Frame before Cytokinesis),Mother+bud at cytokinesis,2+ ($n_2$=123)
1,4,Position_8,MIA_KC_test_files,S,0,152.47759796866765,136.2662355698856,360817.0,677692.0,175.2896001047006,175.2896001047006,677692.0,Combined Mother & Bud in S (Frame before Cytokinesis),Mother+bud at cytokinesis,2+ ($n_2$=123)
1,5,Position_1,MIA_KC_test_files_flu_control,G1,1,133.2088428220718,148.95793119777318,2055.0,2618.9999999999955,148.95793119777318,133.2088428220718,2055.0,Single Cell in G1 (Frame after Cytokinesis),"Af control, sc at birth",2+ ($n_2$=123)
1,5,Position_2,MIA_KC_test_files,G1,0,169.7197952311409,169.90429518897062,288041.0,282053.0,169.90429518897062,169.7197952311409,288041.0,Single Cell in G1 (Frame after Cytokinesis),Single cell at birth,2+ ($n_2$=123)
1,5,Position_3,MIA_KC_test_files,G1,0,123.98243071174818,130.6382767782518,280222.0,280835.0,130.6382767782518,123.98243071174818,280222.0,Single Cell in G1 (Frame after Cytokinesis),Single cell at birth,2+ ($n_2$=123)
1,5,Position_3,MIA_KC_test_files_flu_control,G1,1,104.1691597,110.4226035,1133.000000000001,1758.0000000000025,110.4226035,104.1691597,1133.000000000001,Single Cell in G1 (Frame after Cytokinesis),"Af control, sc at birth",2+ ($n_2$=123)
1,5,Position_4,MIA_KC_test_files,G1,0,105.9412109051214,111.66929898359132,252899.0,272355.0,111.66929898359132,105.9412109051214,252899.0,Single Cell in G1 (Frame after Cytokinesis),Single cell at birth,2+ ($n_2$=123)
1,5,Position_5,MIA_KC_test_files,G1,0,175.8338434,183.486935,287478.0,317937.0,183.486935,175.8338434,287478.0,Single Cell in G1 (Frame after Cytokinesis),Single cell at birth,2+ ($n_2$=123)
1,5,Position_8,MIA_KC_test_files,G1,0,132.39369410360536,149.9324817745291,343784.0,350720.0,149.9324817745291,132.39369410360536,343784.0,Single Cell in G1 (Frame after Cytokinesis),Single cell at birth,2+ ($n_2$=123)
1,5,Position_1,MIA_KC_test_files_flu_control,S,1,148.22702448767248,124.82085260266584,1606.999999999996,1879.9999999999945,176.80602629809295,176.80602629809295,1879.9999999999945,Combined Mother & Bud in S (Frame before Cytokinesis),"Af control, m+b at cytokinesis",2+ ($n_2$=123)
1,5,Position_2,MIA_KC_test_files,S,0,165.8926330686326,172.57560525995302,283158.0,453875.0,235.78276113187317,235.78276113187317,453875.0,Combined Mother & Bud in S (Frame before Cytokinesis),Mother+bud at cytokinesis,2+ ($n_2$=123)
1,5,Position_3,MIA_KC_test_files,S,0,132.59209112369442,132.65559358684172,287511.0,545702.0,172.80013333321824,172.80013333321824,545702.0,Combined Mother & Bud in S (Frame before Cytokinesis),Mother+bud at cytokinesis,2+ ($n_2$=123)
1,5,Position_3,MIA_KC_test_files_flu_control,S,1,115.1767782,112.5831916,2346.999999999997,3320.9999999999973,180.21766087,180.21766087,3320.9999999999973,Combined Mother & Bud in S (Frame before Cytokinesis),"Af control, m+b at cytokinesis",2+ ($n_2$=123)
1,5,Position_4,MIA_KC_test_files,S,0,104.93903199470526,108.15080501802608,262978.0,571737.0,186.87063564541756,186.87063564541756,571737.0,Combined Mother & Bud in S (Frame before Cytokinesis),Mother+bud at cytokinesis,2+ ($n_2$=123)
1,5,Position_5,MIA_KC_test_files,S,0,186.0837789,187.2438163,331708.0,516250.0,238.89214476,238.89214476,516250.0,Combined Mother & Bud in S (Frame before Cytokinesis),Mother+bud at cytokinesis,2+ ($n_2$=123)
1,5,Position_8,MIA_KC_test_files,S,0,138.71570892682462,118.1172586763908,356532.0,667087.0,182.683992849782,182.683992849782,667087.0,Combined Mother & Bud in S (Frame before Cytokinesis),Mother+bud at cytokinesis,2+ ($n_2$=123)
1,6,Position_1,MIA_KC_test_files_flu_control,G1,1,128.78405540756077,142.64106005235726,1900.0000000000016,2385.9999999999964,142.64106005235726,128.78405540756077,1900.0000000000016,Single Cell in G1 (Frame after Cytokinesis),"Af control, sc at birth",2+ ($n_2$=123)
1,6,Position_2,MIA_KC_test_files,G1,0,178.52991351432755,184.5987359903806,246248.00000000003,276149.0,184.5987359903806,178.52991351432755,246248.00000000003,Single Cell in G1 (Frame after Cytokinesis),Single cell at birth,2+ ($n_2$=123)
1,6,Position_3,MIA_KC_test_files,G1,0,131.6393615862814,133.32059301912994,294534.0,313322.0,133.32059301912994,131.6393615862814,294534.0,Single Cell in G1 (Frame after Cytokinesis),Single cell at birth,2+ ($n_2$=123)
1,6,Position_4,MIA_KC_test_files,G1,0,111.29125240082936,110.90069994459866,310211.99999999994,302638.0,110.90069994459866,111.29125240082936,310211.99999999994,Single Cell in G1 (Frame after Cytokinesis),Single cell at birth,2+ ($n_2$=123)
1,6,Position_5,MIA_KC_test_files,G1,0,181.29243,191.4122471,255264.0,228777.0,191.4122471,181.29243,255264.0,Single Cell in G1 (Frame after Cytokinesis),Single cell at birth,2+ ($n_2$=123)
1,6,Position_8,MIA_KC_test_files,G1,0,118.2613288556332,117.24124555871092,354149.0,325548.0,117.24124555871092,118.2613288556332,354149.0,Single Cell in G1 (Frame after Cytokinesis),Single cell at birth,2+ ($n_2$=123)
1,6,Position_1,MIA_KC_test_files_flu_control,S,1,144.17316033964067,141.17195659945884,2483.0000000000014,2515.9999999999973,188.4385484905683,188.4385484905683,2515.9999999999973,Combined Mother & Bud in S (Frame before Cytokinesis),"Af control, m+b at cytokinesis",2+ ($n_2$=123)
1,6,Position_2,MIA_KC_test_files,S,0,183.53319758581088,168.059252723461,283352.0,469241.0,298.60554982930086,298.60554982930086,469241.0,Combined Mother & Bud in S (Frame before Cytokinesis),Mother+bud at cytokinesis,2+ ($n_2$=123)
1,6,Position_3,MIA_KC_test_files,S,0,131.32810937983243,116.44562563537066,326366.00000000006,491697.0,176.47188438719576,176.47188438719576,491697.0,Combined Mother & Bud in S (Frame before Cytokinesis),Mother+bud at cytokinesis,2+ ($n_2$=123)
1,6,Position_4,MIA_KC_test_files,S,0,108.52355708495192,117.01168454005165,320568.0,550955.0,180.15229521598775,180.15229521598775,550955.0,Combined Mother & Bud in S (Frame before Cytokinesis),Mother+bud at cytokinesis,2+ ($n_2$=123)
1,6,Position_5,MIA_KC_test_files,S,0,188.8388411,199.3535111,238898.0,440915.0,294.59190938,294.59190938,440915.0,Combined Mother & Bud in S (Frame before Cytokinesis),Mother+bud at cytokinesis,2+ ($n_2$=123)
1,6,Position_8,MIA_KC_test_files,S,0,119.6209311926252,141.48104150753983,345338.0,660197.0,209.50261104798238,209.50261104798238,660197.0,Combined Mother & Bud in S (Frame before Cytokinesis),Mother+bud at cytokinesis,2+ ($n_2$=123)
1,7,Position_2,MIA_KC_test_files,G1,0,166.6485705365503,180.5379073457418,224295.0,285491.0,180.5379073457418,166.6485705365503,224295.0,Single Cell in G1 (Frame after Cytokinesis),Single cell at birth,2+ ($n_2$=123)
1,7,Position_3,MIA_KC_test_files,G1,0,122.28683429779798,128.8529137764874,267048.99999999994,278265.0,128.8529137764874,122.28683429779798,267048.99999999994,Single Cell in G1 (Frame after Cytokinesis),Single cell at birth,2+ ($n_2$=123)
1,7,Position_4,MIA_KC_test_files,G1,0,121.58916506912158,122.33991076134932,305090.99999999994,313203.99999999994,122.33991076134932,121.58916506912158,305090.99999999994,Single Cell in G1 (Frame after Cytokinesis),Single cell at birth,2+ ($n_2$=123)
1,7,Position_5,MIA_KC_test_files,G1,0,202.4090324,197.0921852,222454.0,252454.00000000003,197.0921852,202.4090324,222454.0,Single Cell in G1 (Frame after Cytokinesis),Single cell at birth,2+ ($n_2$=123)
1,7,Position_8,MIA_KC_test_files,G1,0,137.11182918921804,145.43252057539647,337096.0,434503.0,145.43252057539647,137.11182918921804,337096.0,Single Cell in G1 (Frame after Cytokinesis),Single cell at birth,2+ ($n_2$=123)
1,7,Position_2,MIA_KC_test_files,S,0,183.0499853621579,186.1604838446508,314878.0,491646.0,242.9887257299553,242.9887257299553,491646.0,Combined Mother & Bud in S (Frame before Cytokinesis),Mother+bud at cytokinesis,2+ ($n_2$=123)
1,7,Position_3,MIA_KC_test_files,S,0,125.71430980967688,142.56878490395832,287444.0,443143.0,201.11283339084622,201.11283339084622,443143.0,Combined Mother & Bud in S (Frame before Cytokinesis),Mother+bud at cytokinesis,2+ ($n_2$=123)
1,7,Position_4,MIA_KC_test_files,S,0,122.97542001289266,136.72102000756942,317968.0,558626.0,194.28119475447815,194.28119475447815,558626.0,Combined Mother & Bud in S (Frame before Cytokinesis),Mother+bud at cytokinesis,2+ ($n_2$=123)
1,7,Position_5,MIA_KC_test_files,S,0,206.2350155,204.7956449,269519.0,490967.0,259.06170946000003,259.06170946000003,490967.0,Combined Mother & Bud in S (Frame before Cytokinesis),Mother+bud at cytokinesis,2+ ($n_2$=123)
1,7,Position_8,MIA_KC_test_files,S,0,146.66742120835852,153.24655661685418,460017.0,654097.0,184.38151679989264,184.38151679989264,654097.0,Combined Mother & Bud in S (Frame before Cytokinesis),Mother+bud at cytokinesis,2+ ($n_2$=123)
1,8,Position_4,MIA_KC_test_files,G1,0,133.2041407256497,142.37475300182217,307859.0,336663.0,142.37475300182217,133.2041407256497,307859.0,Single Cell in G1 (Frame after Cytokinesis),Single cell at birth,2+ ($n_2$=123)
1,8,Position_4,MIA_KC_test_files,S,0,143.48448072768352,138.09996995247906,362713.0,716862.0,179.19964719414787,179.19964719414787,716862.0,Combined Mother & Bud in S (Frame before Cytokinesis),Mother+bud at cytokinesis,2+ ($n_2$=123)
2,1,Position_3,MIA_KC_test_files,G1,0,43.15962758814019,100.81950423626328,273106.0,245547.00000000003,100.81950423626328,43.15962758814019,273106.0,Single Cell in G1 (Frame after Cytokinesis),Single cell at birth,1st ($n_1$=64)
2,1,Position_4,MIA_KC_test_files,G1,0,60.44397122283403,66.22854296728276,372525.0,358934.0,66.22854296728276,60.44397122283403,372525.0,Single Cell in G1 (Frame after Cytokinesis),Single cell at birth,1st ($n_1$=64)
2,1,Position_5,MIA_KC_test_files,G1,0,76.99940756,93.53245151,371934.0,357563.0,93.53245151,76.99940756,371934.0,Single Cell in G1 (Frame after Cytokinesis),Single cell at birth,1st ($n_1$=64)
2,1,Position_3,MIA_KC_test_files,S,0,102.82964685021368,82.4884501866214,254921.00000000003,478454.0,134.69930563818298,134.69930563818298,478454.0,Combined Mother & Bud in S (Frame before Cytokinesis),Mother+bud at cytokinesis,1st ($n_1$=64)
2,1,Position_4,MIA_KC_test_files,S,0,68.24755035894125,91.6548857602161,365014.0,558475.0,142.93802096408496,142.93802096408496,558475.0,Combined Mother & Bud in S (Frame before Cytokinesis),Mother+bud at cytokinesis,1st ($n_1$=64)
2,1,Position_5,MIA_KC_test_files,S,0,93.96465686,89.7719361,345625.0,525138.0,154.18052479,154.18052479,525138.0,Combined Mother & Bud in S (Frame before Cytokinesis),Mother+bud at cytokinesis,1st ($n_1$=64)
2,2,Position_3,MIA_KC_test_files,G1,0,93.339906745558,109.80537239936548,232591.00000000003,256082.0,109.80537239936548,93.339906745558,232591.00000000003,Single Cell in G1 (Frame after Cytokinesis),Single cell at birth,2+ ($n_2$=123)
2,2,Position_4,MIA_KC_test_files,G1,0,88.14969825101295,106.92198121059312,287588.0,258160.0,106.92198121059312,88.14969825101295,287588.0,Single Cell in G1 (Frame after Cytokinesis),Single cell at birth,2+ ($n_2$=123)
2,2,Position_5,MIA_KC_test_files,G1,0,85.15528885,121.3343643,294555.0,295723.99999999994,121.3343643,85.15528885,294555.0,Single Cell in G1 (Frame after Cytokinesis),Single cell at birth,2+ ($n_2$=123)
2,2,Position_3,MIA_KC_test_files,S,0,107.55867718015156,98.71940263529908,260678.0,482189.0,153.5491505103153,153.5491505103153,482189.0,Combined Mother & Bud in S (Frame before Cytokinesis),Mother+bud at cytokinesis,2+ ($n_2$=123)
2,2,Position_4,MIA_KC_test_files,S,0,100.80882372482549,105.03737824717912,272337.0,492638.0,199.43957568115303,199.43957568115303,492638.0,Combined Mother & Bud in S (Frame before Cytokinesis),Mother+bud at cytokinesis,2+ ($n_2$=123)
2,2,Position_5,MIA_KC_test_files,S,0,107.7439598,109.6504866,291937.0,480540.0,191.49879539,191.49879539,480540.0,Combined Mother & Bud in S (Frame before Cytokinesis),Mother+bud at cytokinesis,2+ ($n_2$=123)
2,3,Position_1,MIA_KC_test_files_flu_control,G1,1,98.16740364207122,118.09564345548824,1733.9999999999986,1461.0000000000025,118.09564345548824,98.16740364207122,1733.9999999999986,Single Cell in G1 (Frame after Cytokinesis),"Af control, sc at birth",2+ ($n_2$=123)
2,3,Position_3,MIA_KC_test_files,G1,0,101.1767557014082,102.75897482021512,269130.0,272217.0,102.75897482021512,101.1767557014082,269130.0,Single Cell in G1 (Frame after Cytokinesis),Single cell at birth,2+ ($n_2$=123)
2,3,Position_3,MIA_KC_test_files_flu_control,G1,1,119.7357243,129.7837735,1486.0000000000014,995.0000000000013,129.7837735,119.7357243,1486.0000000000014,Single Cell in G1 (Frame after Cytokinesis),"Af control, sc at birth",2+ ($n_2$=123)
2,3,Position_4,MIA_KC_test_files,G1,0,107.95219272875556,131.7032497167145,237464.0,306538.99999999994,131.7032497167145,107.95219272875556,237464.0,Single Cell in G1 (Frame after Cytokinesis),Single cell at birth,2+ ($n_2$=123)
2,3,Position_5,MIA_KC_test_files,G1,0,114.5395747,135.5425536,226487.0,250977.0,135.5425536,114.5395747,226487.0,Single Cell in G1 (Frame after Cytokinesis),Single cell at birth,2+ ($n_2$=123)
2,3,Position_8,MIA_KC_test_files,G1,0,113.20283182764084,117.933892077393,406802.0,370905.0,117.933892077393,113.20283182764084,406802.0,Single Cell in G1 (Frame after Cytokinesis),Single cell at birth,2+ ($n_2$=123)
2,3,Position_1,MIA_KC_test_files_flu_control,S,1,121.36181208655223,126.50239702271384,1066.9999999999986,2043.0000000000023,173.59802341759547,173.59802341759547,2043.0000000000023,Combined Mother & Bud in S (Frame before Cytokinesis),"Af control, m+b at cytokinesis",2+ ($n_2$=123)
2,3,Position_3,MIA_KC_test_files,S,0,111.05047025469553,103.06024582081754,265988.0,506808.0,163.8141784102193,163.8141784102193,506808.0,Combined Mother & Bud in S (Frame before Cytokinesis),Mother+bud at cytokinesis,2+ ($n_2$=123)
2,3,Position_3,MIA_KC_test_files_flu_control,S,1,127.30618,129.1118646,2094.000000000001,2838.0000000000036,176.48658168,176.48658168,2838.0000000000036,Combined Mother & Bud in S (Frame before Cytokinesis),"Af control, m+b at cytokinesis",2+ ($n_2$=123)
2,3,Position_4,MIA_KC_test_files,S,0,132.4422174224297,121.13042471721008,329508.0,530985.0,180.7211927256218,180.7211927256218,530985.0,Combined Mother & Bud in S (Frame before Cytokinesis),Mother+bud at cytokinesis,2+ ($n_2$=123)
2,3,Position_5,MIA_KC_test_files,S,0,127.9881995,149.8871348,254895.0,509245.0,236.10114696,236.10114696,509245.0,Combined Mother & Bud in S (Frame before Cytokinesis),Mother+bud at cytokinesis,2+ ($n_2$=123)
2,3,Position_8,MIA_KC_test_files,S,0,116.92788192236404,114.55794058739366,374758.0,713750.0,196.84092259637018,196.84092259637018,713750.0,Combined Mother & Bud in S (Frame before Cytokinesis),Mother+bud at cytokinesis,2+ ($n_2$=123)
2,4,Position_1,MIA_KC_test_files_flu_control,G1,1,127.349221716826,144.017701783424,1393.0000000000011,2561.999999999999,144.017701783424,127.349221716826,1393.0000000000011,Single Cell in G1 (Frame after Cytokinesis),"Af control, sc at birth",2+ ($n_2$=123)
2,4,Position_3,MIA_KC_test_files,G1,0,114.96807013431068,102.9032263138409,264277.0,270246.0,102.9032263138409,114.96807013431068,264277.0,Single Cell in G1 (Frame after Cytokinesis),Single cell at birth,2+ ($n_2$=123)
2,4,Position_3,MIA_KC_test_files_flu_control,G1,1,130.731413,142.4697456,2050.000000000004,1963.0000000000043,142.4697456,130.731413,2050.000000000004,Single Cell in G1 (Frame after Cytokinesis),"Af control, sc at birth",2+ ($n_2$=123)
2,4,Position_4,MIA_KC_test_files,G1,0,116.93856283854733,130.4089993711792,274843.0,286558.0,130.4089993711792,116.93856283854733,274843.0,Single Cell in G1 (Frame after Cytokinesis),Single cell at birth,2+ ($n_2$=123)
2,4,Position_5,MIA_KC_test_files,G1,0,149.5477926,149.3174976,273074.0,282848.0,149.3174976,149.5477926,273074.0,Single Cell in G1 (Frame after Cytokinesis),Single cell at birth,2+ ($n_2$=123)
2,4,Position_8,MIA_KC_test_files,G1,0,118.39793951403374,116.2249020468536,358286.0,389848.0,116.2249020468536,118.39793951403374,358286.0,Single Cell in G1 (Frame after Cytokinesis),Single cell at birth,2+ ($n_2$=123)
2,4,Position_1,MIA_KC_test_files_flu_control,S,1,145.71800269454076,135.81073833200864,1574.0000000000005,3488.999999999998,179.1350986958348,179.1350986958348,3488.999999999998,Combined Mother & Bud in S (Frame before Cytokinesis),"Af control, m+b at cytokinesis",2+ ($n_2$=123)
2,4,Position_3,MIA_KC_test_files,S,0,105.25674937087952,113.84137914727448,279085.0,526875.0,148.96113852556013,148.96113852556013,526875.0,Combined Mother & Bud in S (Frame before Cytokinesis),Mother+bud at cytokinesis,2+ ($n_2$=123)
2,4,Position_3,MIA_KC_test_files_flu_control,S,1,136.3849097,128.5231715,1709.9999999999998,2153.000000000001,183.77436955,183.77436955,2153.000000000001,Combined Mother & Bud in S (Frame before Cytokinesis),"Af control, m+b at cytokinesis",2+ ($n_2$=123)
2,4,Position_4,MIA_KC_test_files,S,0,128.99548721952434,151.75608545892587,298539.00000000006,443101.0,241.85903900507117,241.85903900507117,443101.0,Combined Mother & Bud in S (Frame before Cytokinesis),Mother+bud at cytokinesis,2+ ($n_2$=123)
2,4,Position_5,MIA_KC_test_files,S,0,144.9421743,141.7606394,302546.0,559005.0,200.77638299,200.77638299,559005.0,Combined Mother & Bud in S (Frame before Cytokinesis),Mother+bud at cytokinesis,2+ ($n_2$=123)
2,4,Position_8,MIA_KC_test_files,S,0,118.2797538186361,121.13678585283236,400655.0,708528.0,162.73837471939896,162.73837471939896,708528.0,Combined Mother & Bud in S (Frame before Cytokinesis),Mother+bud at cytokinesis,2+ ($n_2$=123)
2,5,Position_1,MIA_KC_test_files_flu_control,G1,1,142.02299171327672,148.52608620483912,1739.9999999999984,1561.9999999999975,148.52608620483912,142.02299171327672,1739.9999999999984,Single Cell in G1 (Frame after Cytokinesis),"Af control, sc at birth",2+ ($n_2$=123)
2,5,Position_3,MIA_KC_test_files,G1,0,112.87402888057146,119.81740160510482,288811.0,300333.0,119.81740160510482,112.87402888057146,288811.0,Single Cell in G1 (Frame after Cytokinesis),Single cell at birth,2+ ($n_2$=123)
2,5,Position_3,MIA_KC_test_files_flu_control,G1,1,130.1287473,149.0064691,1911.9999999999995,2194.999999999999,149.0064691,130.1287473,1911.9999999999995,Single Cell in G1 (Frame after Cytokinesis),"Af control, sc at birth",2+ ($n_2$=123)
2,5,Position_8,MIA_KC_test_files,G1,0,120.80561189733076,133.05861639967804,348034.0,463546.0,133.05861639967804,120.80561189733076,348034.0,Single Cell in G1 (Frame after Cytokinesis),Single cell at birth,2+ ($n_2$=123)
2,5,Position_1,MIA_KC_test_files_flu_control,S,1,147.4884895280661,133.63106408702396,1682.0000000000005,3321.9999999999964,190.94516776507675,190.94516776507675,3321.9999999999964,Combined Mother & Bud in S (Frame before Cytokinesis),"Af control, m+b at cytokinesis",2+ ($n_2$=123)
2,5,Position_3,MIA_KC_test_files,S,0,116.68626577590722,107.21269261403452,304035.0,492807.0,161.1286640136451,161.1286640136451,492807.0,Combined Mother & Bud in S (Frame before Cytokinesis),Mother+bud at cytokinesis,2+ ($n_2$=123)
2,5,Position_3,MIA_KC_test_files_flu_control,S,1,145.8081853,123.7054559,1485.9999999999995,3463.999999999998,175.92016437,175.92016437,3463.999999999998,Combined Mother & Bud in S (Frame before Cytokinesis),"Af control, m+b at cytokinesis",2+ ($n_2$=123)
2,5,Position_8,MIA_KC_test_files,S,0,138.64551851630708,131.3972020435643,482410.0,674729.0,156.80572544277584,156.80572544277584,674729.0,Combined Mother & Bud in S (Frame before Cytokinesis),Mother+bud at cytokinesis,2+ ($n_2$=123)
2,6,Position_1,MIA_KC_test_files_flu_control,G1,1,134.783478042035,129.37231464171109,2115.000000000004,2518.0,129.37231464171109,134.783478042035,2115.000000000004,Single Cell in G1 (Frame after Cytokinesis),"Af control, sc at birth",2+ ($n_2$=123)
2,6,Position_3,MIA_KC_test_files_flu_control,G1,1,135.9759604,128.3748626,2068.9999999999977,2717.0000000000027,128.3748626,135.9759604,2068.9999999999977,Single Cell in G1 (Frame after Cytokinesis),"Af control, sc at birth",2+ ($n_2$=123)
2,6,Position_8,MIA_KC_test_files,G1,0,133.8482986341423,146.66940239523615,369500.0,406766.0,146.66940239523615,133.8482986341423,369500.0,Single Cell in G1 (Frame after Cytokinesis),Single cell at birth,2+ ($n_2$=123)
2,6,Position_1,MIA_KC_test_files_flu_control,S,1,128.24003610146602,123.60770221149996,1904.999999999999,2147.9999999999955,162.37239767743034,162.37239767743034,2147.9999999999955,Combined Mother & Bud in S (Frame before Cytokinesis),"Af control, m+b at cytokinesis",2+ ($n_2$=123)
2,6,Position_3,MIA_KC_test_files_flu_control,S,1,134.1868091,146.1755134,2274.9999999999973,2898.999999999998,202.87038681,202.87038681,2898.999999999998,Combined Mother & Bud in S (Frame before Cytokinesis),"Af control, m+b at cytokinesis",2+ ($n_2$=123)
2,6,Position_8,MIA_KC_test_files,S,0,132.20988477466548,128.98042885195153,415849.0,663363.0,184.7843748030001,184.7843748030001,663363.0,Combined Mother & Bud in S (Frame before Cytokinesis),Mother+bud at cytokinesis,2+ ($n_2$=123)
2,7,Position_1,MIA_KC_test_files_flu_control,G1,1,130.11891057880868,129.9385845736274,1852.9999999999995,2201.000000000002,129.9385845736274,130.11891057880868,1852.9999999999995,Single Cell in G1 (Frame after Cytokinesis),"Af control, sc at birth",2+ ($n_2$=123)
2,7,Position_3,MIA_KC_test_files_flu_control,G1,1,127.5780775,140.7592666,785.0000000000009,2333.999999999997,140.7592666,127.5780775,785.0000000000009,Single Cell in G1 (Frame after Cytokinesis),"Af control, sc at birth",2+ ($n_2$=123)
2,7,Position_8,MIA_KC_test_files,G1,0,128.80493017028886,136.88890921552374,346398.0,388512.0,136.88890921552374,128.80493017028886,346398.0,Single Cell in G1 (Frame after Cytokinesis),Single cell at birth,2+ ($n_2$=123)
2,7,Position_1,MIA_KC_test_files_flu_control,S,1,127.512693783124,123.2441873906584,2761.0000000000027,2443.9999999999973,185.21005198977656,185.21005198977656,2443.9999999999973,Combined Mother & Bud in S (Frame before Cytokinesis),"Af control, m+b at cytokinesis",2+ ($n_2$=123)
2,7,Position_3,MIA_KC_test_files_flu_control,S,1,130.0241448,150.8663056,1921.0000000000025,3691.0000000000036,193.71966759,193.71966759,3691.0000000000036,Combined Mother & Bud in S (Frame before Cytokinesis),"Af control, m+b at cytokinesis",2+ ($n_2$=123)
2,7,Position_8,MIA_KC_test_files,S,0,133.8700479974686,138.73055735094573,395245.0,596878.0,177.46290027559374,177.46290027559374,596878.0,Combined Mother & Bud in S (Frame before Cytokinesis),Mother+bud at cytokinesis,2+ ($n_2$=123)
3,1,Position_1,MIA_KC_test_files_flu_control,G1,1,54.38980720100628,109.04562080917428,702.0000000000017,1897.0,109.04562080917428,54.38980720100628,702.0000000000017,Single Cell in G1 (Frame after Cytokinesis),"Af control, sc at birth",1st ($n_1$=64)
3,1,Position_2,MIA_KC_test_files,G1,0,61.23721924449839,80.18402520113881,259548.0,271944.0,80.18402520113881,61.23721924449839,259548.0,Single Cell in G1 (Frame after Cytokinesis),Single cell at birth,1st ($n_1$=64)
3,1,Position_3,MIA_KC_test_files_flu_control,G1,1,49.39016881,90.22838559,1280.9999999999984,1090.0000000000025,90.22838559,49.39016881,1280.9999999999984,Single Cell in G1 (Frame after Cytokinesis),"Af control, sc at birth",1st ($n_1$=64)
3,1,Position_5,MIA_KC_test_files,G1,0,75.17349579,75.18442183,293740.0,305444.0,75.18442183,75.17349579,293740.0,Single Cell in G1 (Frame after Cytokinesis),Single cell at birth,1st ($n_1$=64)
3,1,Position_8,MIA_KC_test_files,G1,0,45.84627807652541,83.49142867306213,338852.0,357981.0,83.49142867306213,45.84627807652541,338852.0,Single Cell in G1 (Frame after Cytokinesis),Single cell at birth,1st ($n_1$=64)
3,1,Position_1,MIA_KC_test_files_flu_control,S,1,105.1215757588937,95.781256873869,1483.999999999996,2734.000000000003,152.3497376790268,152.3497376790268,2734.000000000003,Combined Mother & Bud in S (Frame before Cytokinesis),"Af control, m+b at cytokinesis",1st ($n_1$=64)
3,1,Position_2,MIA_KC_test_files,S,0,77.01085992557664,70.84931489792253,272058.0,526821.0,146.73804495442099,146.73804495442099,526821.0,Combined Mother & Bud in S (Frame before Cytokinesis),Mother+bud at cytokinesis,1st ($n_1$=64)
3,1,Position_3,MIA_KC_test_files_flu_control,S,1,83.37388764,101.9041129,1011.0,2143.0000000000005,144.81459495000001,144.81459495000001,2143.0000000000005,Combined Mother & Bud in S (Frame before Cytokinesis),"Af control, m+b at cytokinesis",1st ($n_1$=64)
3,1,Position_5,MIA_KC_test_files,S,0,67.43321005,89.56034533,307644.0,548352.0,208.63369723,208.63369723,548352.0,Combined Mother & Bud in S (Frame before Cytokinesis),Mother+bud at cytokinesis,1st ($n_1$=64)
3,1,Position_8,MIA_KC_test_files,S,0,85.58328872600148,73.87352095511966,364529.0,626665.0,115.91896305114552,115.91896305114552,626665.0,Combined Mother & Bud in S (Frame before Cytokinesis),Mother+bud at cytokinesis,1st ($n_1$=64)
3,2,Position_1,MIA_KC_test_files_flu_control,G1,1,101.66002748242296,121.567549369656,1833.0,1009.9999999999976,121.567549369656,101.66002748242296,1833.0,Single Cell in G1 (Frame after Cytokinesis),"Af control, sc at birth",2+ ($n_2$=123)
3,2,Position_2,MIA_KC_test_files,G1,0,81.45489703153243,95.93498479553418,265838.0,263408.0,95.93498479553418,81.45489703153243,265838.0,Single Cell in G1 (Frame after Cytokinesis),Single cell at birth,2+ ($n_2$=123)
3,2,Position_3,MIA_KC_test_files_flu_control,G1,1,101.6070138,113.0659488,1204.9999999999984,1600.9999999999984,113.0659488,101.6070138,1204.9999999999984,Single Cell in G1 (Frame after Cytokinesis),"Af control, sc at birth",2+ ($n_2$=123)
3,2,Position_5,MIA_KC_test_files,G1,0,87.90276945,87.65297494,279125.0,259213.0,87.65297494,87.90276945,279125.0,Single Cell in G1 (Frame after Cytokinesis),Single cell at birth,2+ ($n_2$=123)
3,2,Position_8,MIA_KC_test_files,G1,0,78.39676823309323,79.86694771270763,321876.0,309979.0,79.86694771270763,78.39676823309323,321876.0,Single Cell in G1 (Frame after Cytokinesis),Single cell at birth,2+ ($n_2$=123)
3,2,Position_1,MIA_KC_test_files_flu_control,S,1,126.94751508652487,113.53139261540574,1453.0000000000032,3209.999999999999,174.16337185493813,174.16337185493813,3209.999999999999,Combined Mother & Bud in S (Frame before Cytokinesis),"Af control, m+b at cytokinesis",2+ ($n_2$=123)
3,2,Position_2,MIA_KC_test_files,S,0,91.50593417865863,100.93578273103026,266327.0,497308.0,182.1370188045418,182.1370188045418,497308.0,Combined Mother & Bud in S (Frame before Cytokinesis),Mother+bud at cytokinesis,2+ ($n_2$=123)
3,2,Position_3,MIA_KC_test_files_flu_control,S,1,112.0652157,105.619181,672.0000000000017,2912.9999999999964,151.68968776,151.68968776,2912.9999999999964,Combined Mother & Bud in S (Frame before Cytokinesis),"Af control, m+b at cytokinesis",2+ ($n_2$=123)
3,2,Position_5,MIA_KC_test_files,S,0,88.59816555,86.59006226,255622.0,508262.0,133.46997742,133.46997742,508262.0,Combined Mother & Bud in S (Frame before Cytokinesis),Mother+bud at cytokinesis,2+ ($n_2$=123)
3,2,Position_8,MIA_KC_test_files,S,0,78.60634470143538,93.86810871191392,307925.0,580191.0,124.35846038269538,124.35846038269538,580191.0,Combined Mother & Bud in S (Frame before Cytokinesis),Mother+bud at cytokinesis,2+ ($n_2$=123)
3,3,Position_1,MIA_KC_test_files_flu_control,G1,1,118.41303789093476,132.9195431909164,1872.0000000000005,1936.0000000000025,132.9195431909164,118.41303789093476,1872.0000000000005,Single Cell in G1 (Frame after Cytokinesis),"Af control, sc at birth",2+ ($n_2$=123)
3,3,Position_3,MIA_KC_test_files_flu_control,G1,1,105.5857351,116.8766023,1886.9999999999984,1368.9999999999982,116.8766023,105.5857351,1886.9999999999984,Single Cell in G1 (Frame after Cytokinesis),"Af control, sc at birth",2+ ($n_2$=123)
3,3,Position_4,MIA_KC_test_files,G1,0,203.1537930979315,212.9940847073095,326333.0,407693.00000000006,212.9940847073095,203.1537930979315,326333.0,Single Cell in G1 (Frame after Cytokinesis),Single cell at birth,2+ ($n_2$=123)
3,3,Position_5,MIA_KC_test_files,G1,0,91.84534019,97.08497398,263181.0,258054.00000000003,97.08497398,91.84534019,263181.0,Single Cell in G1 (Frame after Cytokinesis),Single cell at birth,2+ ($n_2$=123)
3,3,Position_8,MIA_KC_test_files,G1,0,95.0525154573476,100.39164673769471,317974.0,313608.0,100.39164673769471,95.0525154573476,317974.0,Single Cell in G1 (Frame after Cytokinesis),Single cell at birth,2+ ($n_2$=123)
3,3,Position_1,MIA_KC_test_files_flu_control,S,1,136.27003029121045,116.4548010929176,2718.9999999999995,2954.999999999996,188.9349710795878,188.9349710795878,2954.999999999996,Combined Mother & Bud in S (Frame before Cytokinesis),"Af control, m+b at cytokinesis",2+ ($n_2$=123)
3,3,Position_3,MIA_KC_test_files_flu_control,S,1,112.6933586,109.6338284,1764.9999999999984,2219.0000000000014,151.22220834,151.22220834,2219.0000000000014,Combined Mother & Bud in S (Frame before Cytokinesis),"Af control, m+b at cytokinesis",2+ ($n_2$=123)
3,3,Position_4,MIA_KC_test_files,S,0,202.4889778254929,193.31525912516344,425954.0,664181.0,247.591687820024,247.591687820024,664181.0,Combined Mother & Bud in S (Frame before Cytokinesis),Mother+bud at cytokinesis,2+ ($n_2$=123)
3,3,Position_5,MIA_KC_test_files,S,0,95.26849289,94.85221336,268500.0,490072.0,131.77590014999998,131.77590014999998,490072.0,Combined Mother & Bud in S (Frame before Cytokinesis),Mother+bud at cytokinesis,2+ ($n_2$=123)
3,3,Position_8,MIA_KC_test_files,S,0,92.19354392278456,79.22153767626757,323524.0,614865.0,124.83167694646636,124.83167694646636,614865.0,Combined Mother & Bud in S (Frame before Cytokinesis),Mother+bud at cytokinesis,2+ ($n_2$=123)
3,4,Position_1,MIA_KC_test_files_flu_control,G1,1,117.87766685996104,131.78019284537984,2213.999999999998,2937.000000000004,131.78019284537984,117.87766685996104,2213.999999999998,Single Cell in G1 (Frame after Cytokinesis),"Af control, sc at birth",2+ ($n_2$=123)
3,4,Position_3,MIA_KC_test_files_flu_control,G1,1,108.5704201,108.4007327,1711.9999999999964,1725.999999999998,108.4007327,108.5704201,1711.9999999999964,Single Cell in G1 (Frame after Cytokinesis),"Af control, sc at birth",2+ ($n_2$=123)
3,4,Position_4,MIA_KC_test_files,G1,0,197.9639534760087,206.0813357397392,356267.0,342298.0,206.0813357397392,197.9639534760087,356267.0,Single Cell in G1 (Frame after Cytokinesis),Single cell at birth,2+ ($n_2$=123)
3,4,Position_8,MIA_KC_test_files,G1,0,72.67442253696204,84.97459370697705,320562.0,369286.0,84.97459370697705,72.67442253696204,320562.0,Single Cell in G1 (Frame after Cytokinesis),Single cell at birth,2+ ($n_2$=123)
3,4,Position_1,MIA_KC_test_files_flu_control,S,1,139.55734743729522,115.35142293287788,1809.0000000000043,2500.999999999998,182.01566200482682,182.01566200482682,2500.999999999998,Combined Mother & Bud in S (Frame before Cytokinesis),"Af control, m+b at cytokinesis",2+ ($n_2$=123)
3,4,Position_3,MIA_KC_test_files_flu_control,S,1,112.0636328,104.3747709,1553.999999999999,2385.0000000000005,156.00477526,156.00477526,2385.0000000000005,Combined Mother & Bud in S (Frame before Cytokinesis),"Af control, m+b at cytokinesis",2+ ($n_2$=123)
3,4,Position_4,MIA_KC_test_files,S,0,191.4556305900176,193.6749334391893,341674.0,515592.0,264.9304760316423,264.9304760316423,515592.0,Combined Mother & Bud in S (Frame before Cytokinesis),Mother+bud at cytokinesis,2+ ($n_2$=123)
3,4,Position_8,MIA_KC_test_files,S,0,84.48157511745474,94.29326173526786,384807.0,566129.0,139.63322904467455,139.63322904467455,566129.0,Combined Mother & Bud in S (Frame before Cytokinesis),Mother+bud at cytokinesis,2+ ($n_2$=123)
3,5,Position_1,MIA_KC_test_files_flu_control,G1,1,116.54004768129982,140.19570951639142,2215.999999999998,1657.0000000000002,140.19570951639142,116.54004768129982,2215.999999999998,Single Cell in G1 (Frame after Cytokinesis),"Af control, sc at birth",2+ ($n_2$=123)
3,5,Position_4,MIA_KC_test_files,G1,0,192.89957807538207,197.95721255164003,278476.0,341109.0,197.95721255164003,192.89957807538207,278476.0,Single Cell in G1 (Frame after Cytokinesis),Single cell at birth,2+ ($n_2$=123)
3,5,Position_1,MIA_KC_test_files_flu_control,S,1,130.84342657119902,114.4135637821702,2466.9999999999995,1626.999999999996,167.10740391817552,167.10740391817552,1626.999999999996,Combined Mother & Bud in S (Frame before Cytokinesis),"Af control, m+b at cytokinesis",2+ ($n_2$=123)
3,5,Position_4,MIA_KC_test_files,S,0,197.2743144172496,216.91405644321785,371980.0,580130.0,277.6035271913902,277.6035271913902,580130.0,Combined Mother & Bud in S (Frame before Cytokinesis),Mother+bud at cytokinesis,2+ ($n_2$=123)
3,6,Position_4,MIA_KC_test_files,G1,0,216.208814042404,226.5034413059201,318811.0,300234.0,226.5034413059201,216.208814042404,318811.0,Single Cell in G1 (Frame after Cytokinesis),Single cell at birth,2+ ($n_2$=123)
3,6,Position_4,MIA_KC_test_files,S,0,219.2908383007376,218.79407577341303,302835.0,518714.0,289.05236452444507,289.05236452444507,518714.0,Combined Mother & Bud in S (Frame before Cytokinesis),Mother+bud at cytokinesis,2+ ($n_2$=123)
3,7,Position_4,MIA_KC_test_files,G1,0,220.8222665429647,228.95878390869072,274271.0,307480.0,228.95878390869072,220.8222665429647,274271.0,Single Cell in G1 (Frame after Cytokinesis),Single cell at birth,2+ ($n_2$=123)
3,7,Position_4,MIA_KC_test_files,S,0,229.68437550257843,231.43031091111047,330915.0,487189.0,289.2338822571463,289.2338822571463,487189.0,Combined Mother & Bud in S (Frame before Cytokinesis),Mother+bud at cytokinesis,2+ ($n_2$=123)
3,8,Position_4,MIA_KC_test_files,G1,0,224.67323353350355,224.67323353350355,259124.0,259124.0,224.67323353350355,224.67323353350355,259124.0,Single Cell in G1 (Frame after Cytokinesis),Single cell at birth,2+ ($n_2$=123)
3,8,Position_4,MIA_KC_test_files,S,0,230.0775331620852,236.57738676935452,279965.0,594872.0,294.2079272537753,294.2079272537753,594872.0,Combined Mother & Bud in S (Frame before Cytokinesis),Mother+bud at cytokinesis,2+ ($n_2$=123)
4,1,Position_1,MIA_KC_test_files_flu_control,G1,1,78.43603289876407,128.21690601197378,1438.9999999999973,1760.9999999999986,128.21690601197378,78.43603289876407,1438.9999999999973,Single Cell in G1 (Frame after Cytokinesis),"Af control, sc at birth",1st ($n_1$=64)
4,1,Position_2,MIA_KC_test_files,G1,0,80.70532584140422,157.10470953297337,246654.00000000003,258698.0,157.10470953297337,80.70532584140422,246654.00000000003,Single Cell in G1 (Frame after Cytokinesis),Single cell at birth,1st ($n_1$=64)
4,1,Position_3,MIA_KC_test_files,G1,0,61.10454759051657,104.55700991429715,250621.0,241079.0,104.55700991429715,61.10454759051657,250621.0,Single Cell in G1 (Frame after Cytokinesis),Single cell at birth,1st ($n_1$=64)
4,1,Position_3,MIA_KC_test_files_flu_control,G1,1,51.49860583,77.28307055,1055.9999999999989,1476.9999999999973,77.28307055,51.49860583,1055.9999999999989,Single Cell in G1 (Frame after Cytokinesis),"Af control, sc at birth",1st ($n_1$=64)
4,1,Position_4,MIA_KC_test_files,G1,0,56.86716095504302,79.90323171809376,313565.0,266895.0,79.90323171809376,56.86716095504302,313565.0,Single Cell in G1 (Frame after Cytokinesis),Single cell at birth,1st ($n_1$=64)
4,1,Position_5,MIA_KC_test_files,G1,0,64.49645541,122.2933266,223851.0,244703.0,122.2933266,64.49645541,223851.0,Single Cell in G1 (Frame after Cytokinesis),Single cell at birth,1st ($n_1$=64)
4,1,Position_1,MIA_KC_test_files_flu_control,S,1,127.7538784952525,126.2342959931255,1065.0,1961.000000000005,203.78961741534317,203.78961741534317,1961.000000000005,Combined Mother & Bud in S (Frame before Cytokinesis),"Af control, m+b at cytokinesis",1st ($n_1$=64)
4,1,Position_2,MIA_KC_test_files,S,0,156.88553513461352,188.36287158673,266437.0,552675.0,321.0327363420133,321.0327363420133,552675.0,Combined Mother & Bud in S (Frame before Cytokinesis),Mother+bud at cytokinesis,1st ($n_1$=64)
4,1,Position_3,MIA_KC_test_files,S,0,100.85981986023906,87.77800202992833,248046.00000000003,484001.0,136.82764315887687,136.82764315887687,484001.0,Combined Mother & Bud in S (Frame before Cytokinesis),Mother+bud at cytokinesis,1st ($n_1$=64)
4,1,Position_3,MIA_KC_test_files_flu_control,S,1,77.56111551,80.21228022,1269.999999999999,1553.000000000004,113.4461487,113.4461487,1553.000000000004,Combined Mother & Bud in S (Frame before Cytokinesis),"Af control, m+b at cytokinesis",1st ($n_1$=64)
4,1,Position_4,MIA_KC_test_files,S,0,83.8800615651662,90.87214349759628,278444.0,527178.0,159.90504338829413,159.90504338829413,527178.0,Combined Mother & Bud in S (Frame before Cytokinesis),Mother+bud at cytokinesis,1st ($n_1$=64)
4,1,Position_5,MIA_KC_test_files,S,0,117.6992066,126.0003126,243425.0,476342.0,191.16547710999998,191.16547710999998,476342.0,Combined Mother & Bud in S (Frame before Cytokinesis),Mother+bud at cytokinesis,1st ($n_1$=64)
4,2,Position_1,MIA_KC_test_files_flu_control,G1,1,122.17660308232747,133.66365145318187,1301.0,1659.999999999999,133.66365145318187,122.17660308232747,1301.0,Single Cell in G1 (Frame after Cytokinesis),"Af control, sc at birth",2+ ($n_2$=123)
4,2,Position_2,MIA_KC_test_files,G1,0,193.577283067662,206.1583378845945,296713.0,299402.0,206.1583378845945,193.577283067662,296713.0,Single Cell in G1 (Frame after Cytokinesis),Single cell at birth,2+ ($n_2$=123)
4,2,Position_3,MIA_KC_test_files,G1,0,92.50131993323522,122.48297558882648,267917.0,284887.0,122.48297558882648,92.50131993323522,267917.0,Single Cell in G1 (Frame after Cytokinesis),Single cell at birth,2+ ($n_2$=123)
4,2,Position_3,MIA_KC_test_files_flu_control,G1,1,72.91960331,94.08634349,900.9999999999992,1451.9999999999984,94.08634349,72.91960331,900.9999999999992,Single Cell in G1 (Frame after Cytokinesis),"Af control, sc at birth",2+ ($n_2$=123)
4,2,Position_4,MIA_KC_test_files,G1,0,92.09953123153244,103.73532296918012,268837.0,266617.0,103.73532296918012,92.09953123153244,268837.0,Single Cell in G1 (Frame after Cytokinesis),Single cell at birth,2+ ($n_2$=123)
4,2,Position_5,MIA_KC_test_files,G1,0,133.0228561,135.6338176,223249.0,312616.0,135.6338176,133.0228561,223249.0,Single Cell in G1 (Frame after Cytokinesis),Single cell at birth,2+ ($n_2$=123)
4,2,Position_1,MIA_KC_test_files_flu_control,S,1,125.43620768453302,131.70416873373892,2083.000000000002,2109.9999999999945,192.44494323883063,192.44494323883063,2109.9999999999945,Combined Mother & Bud in S (Frame before Cytokinesis),"Af control, m+b at cytokinesis",2+ ($n_2$=123)
4,2,Position_2,MIA_KC_test_files,S,0,195.65256952002804,209.34802645377127,307439.0,711976.0,303.1468400934733,303.1468400934733,711976.0,Combined Mother & Bud in S (Frame before Cytokinesis),Mother+bud at cytokinesis,2+ ($n_2$=123)
4,2,Position_3,MIA_KC_test_files,S,0,115.49237333109429,129.78529790532562,278514.0,483910.0,186.47250871069923,186.47250871069923,483910.0,Combined Mother & Bud in S (Frame before Cytokinesis),Mother+bud at cytokinesis,2+ ($n_2$=123)
4,2,Position_3,MIA_KC_test_files_flu_control,S,1,84.69696773,78.7878752,1367.9999999999973,2693.999999999998,126.76609117000001,126.76609117000001,2693.999999999998,Combined Mother & Bud in S (Frame before Cytokinesis),"Af control, m+b at cytokinesis",2+ ($n_2$=123)
4,2,Position_4,MIA_KC_test_files,S,0,101.02656284746186,89.66558565687254,274039.0,459900.0,140.33143626078666,140.33143626078666,459900.0,Combined Mother & Bud in S (Frame before Cytokinesis),Mother+bud at cytokinesis,2+ ($n_2$=123)
4,2,Position_5,MIA_KC_test_files,S,0,135.8567628,139.7232258,331523.0,468194.0,192.00821238,192.00821238,468194.0,Combined Mother & Bud in S (Frame before Cytokinesis),Mother+bud at cytokinesis,2+ ($n_2$=123)
4,3,Position_1,MIA_KC_test_files_flu_control,G1,1,131.97856146106108,130.05618960764912,2028.999999999998,2928.0000000000045,130.05618960764912,131.97856146106108,2028.999999999998,Single Cell in G1 (Frame after Cytokinesis),"Af control, sc at birth",2+ ($n_2$=123)
4,3,Position_3,MIA_KC_test_files,G1,0,138.59598240894684,135.367327037235,279841.0,507439.0,135.367327037235,138.59598240894684,279841.0,Single Cell in G1 (Frame after Cytokinesis),Single cell at birth,2+ ($n_2$=123)
4,3,Position_3,MIA_KC_test_files_flu_control,G1,1,81.02981183,88.89003268,1402.000000000002,1444.0000000000014,88.89003268,81.02981183,1402.000000000002,Single Cell in G1 (Frame after Cytokinesis),"Af control, sc at birth",2+ ($n_2$=123)
4,3,Position_4,MIA_KC_test_files,G1,0,95.49245868624328,109.29381715284327,250705.0,298755.0,109.29381715284327,95.49245868624328,250705.0,Single Cell in G1 (Frame after Cytokinesis),Single cell at birth,2+ ($n_2$=123)
4,3,Position_5,MIA_KC_test_files,G1,0,142.9261372,147.2408351,258072.0,296526.0,147.2408351,142.9261372,258072.0,Single Cell in G1 (Frame after Cytokinesis),Single cell at birth,2+ ($n_2$=123)
4,3,Position_1,MIA_KC_test_files_flu_control,S,1,129.85917625092858,123.73569877294004,1694.999999999999,3324.000000000002,195.1735863354225,195.1735863354225,3324.000000000002,Combined Mother & Bud in S (Frame before Cytokinesis),"Af control, m+b at cytokinesis",2+ ($n_2$=123)
4,3,Position_3,MIA_KC_test_files,S,0,130.22363209691463,128.10520506381508,515534.0,536016.0,234.8069860867155,234.8069860867155,536016.0,Combined Mother & Bud in S (Frame before Cytokinesis),Mother+bud at cytokinesis,2+ ($n_2$=123)
4,3,Position_3,MIA_KC_test_files_flu_control,S,1,88.35390652,83.33247676,1959.0000000000036,2350.9999999999964,123.08805637,123.08805637,2350.9999999999964,Combined Mother & Bud in S (Frame before Cytokinesis),"Af control, m+b at cytokinesis",2+ ($n_2$=123)
4,3,Position_4,MIA_KC_test_files,S,0,111.50360439642068,103.71791475640308,310003.0,526556.0,147.65070084751733,147.65070084751733,526556.0,Combined Mother & Bud in S (Frame before Cytokinesis),Mother+bud at cytokinesis,2+ ($n_2$=123)
4,3,Position_5,MIA_KC_test_files,S,0,139.5773168,158.4990508,306594.99999999994,467068.0,223.00929825999998,223.00929825999998,467068.0,Combined Mother & Bud in S (Frame before Cytokinesis),Mother+bud at cytokinesis,2+ ($n_2$=123)
4,4,Position_1,MIA_KC_test_files_flu_control,G1,1,128.19825619008108,128.02756855639285,1391.0000000000005,2125.999999999997,128.02756855639285,128.19825619008108,1391.0000000000005,Single Cell in G1 (Frame after Cytokinesis),"Af control, sc at birth",2+ ($n_2$=123)
4,4,Position_4,MIA_KC_test_files,G1,0,113.29143589606171,121.64336956722056,280134.0,288487.99999999994,121.64336956722056,113.29143589606171,280134.0,Single Cell in G1 (Frame after Cytokinesis),Single cell at birth,2+ ($n_2$=123)
4,4,Position_1,MIA_KC_test_files_flu_control,S,1,127.34853769653331,131.68463121009705,2058.999999999999,3539.000000000004,173.27106543166215,173.27106543166215,3539.000000000004,Combined Mother & Bud in S (Frame before Cytokinesis),"Af control, m+b at cytokinesis",2+ ($n_2$=123)
4,4,Position_4,MIA_KC_test_files,S,0,116.89973131785638,145.50021912068814,294704.0,581075.0,202.54509999382736,202.54509999382736,581075.0,Combined Mother & Bud in S (Frame before Cytokinesis),Mother+bud at cytokinesis,2+ ($n_2$=123)
4,5,Position_1,MIA_KC_test_files_flu_control,G1,1,135.6414153596328,129.3913407365153,1810.9999999999995,2488.999999999997,129.3913407365153,135.6414153596328,1810.9999999999995,Single Cell in G1 (Frame after Cytokinesis),"Af control, sc at birth",2+ ($n_2$=123)
4,5,Position_1,MIA_KC_test_files_flu_control,S,1,126.67148057626706,124.7717838142982,1684.9999999999995,4068.0000000000045,178.83683413087596,178.83683413087596,4068.0000000000045,Combined Mother & Bud in S (Frame before Cytokinesis),"Af control, m+b at cytokinesis",2+ ($n_2$=123)
5,1,Position_2,MIA_KC_test_files,G1,0,84.1000947112461,125.67971043636116,278135.0,270440.0,125.67971043636116,84.1000947112461,278135.0,Single Cell in G1 (Frame after Cytokinesis),Single cell at birth,1st ($n_1$=64)
5,1,Position_3,MIA_KC_test_files,G1,0,62.49795762029843,96.89968861678273,254888.0,241216.0,96.89968861678273,62.49795762029843,254888.0,Single Cell in G1 (Frame after Cytokinesis),Single cell at birth,1st ($n_1$=64)
5,1,Position_3,MIA_KC_test_files_flu_control,G1,1,57.21449351,90.57149013,1132.999999999999,1182.9999999999986,90.57149013,57.21449351,1132.999999999999,Single Cell in G1 (Frame after Cytokinesis),"Af control, sc at birth",1st ($n_1$=64)
5,1,Position_5,MIA_KC_test_files,G1,0,58.08049093,77.64657732,241621.00000000003,247826.0,77.64657732,58.08049093,241621.00000000003,Single Cell in G1 (Frame after Cytokinesis),Single cell at birth,1st ($n_1$=64)
5,1,Position_8,MIA_KC_test_files,G1,0,88.07676510091412,97.16181560395408,344641.0,356803.0,97.16181560395408,88.07676510091412,344641.0,Single Cell in G1 (Frame after Cytokinesis),Single cell at birth,1st ($n_1$=64)
5,1,Position_2,MIA_KC_test_files,S,0,122.8353106001793,123.22062834573396,273056.0,507939.0,182.27011042546843,182.27011042546843,507939.0,Combined Mother & Bud in S (Frame before Cytokinesis),Mother+bud at cytokinesis,1st ($n_1$=64)
5,1,Position_3,MIA_KC_test_files,S,0,95.47558260027166,119.6378975815734,236324.0,512817.00000000006,223.94377378306598,223.94377378306598,512817.00000000006,Combined Mother & Bud in S (Frame before Cytokinesis),Mother+bud at cytokinesis,1st ($n_1$=64)
5,1,Position_3,MIA_KC_test_files_flu_control,S,1,87.47904191,82.2370053,1032.0000000000027,2451.0000000000005,134.85843474,134.85843474,2451.0000000000005,Combined Mother & Bud in S (Frame before Cytokinesis),"Af control, m+b at cytokinesis",1st ($n_1$=64)
5,1,Position_5,MIA_KC_test_files,S,0,77.55291872,82.92721301,242421.0,447918.0,132.58372516,132.58372516,447918.0,Combined Mother & Bud in S (Frame before Cytokinesis),Mother+bud at cytokinesis,1st ($n_1$=64)
5,1,Position_8,MIA_KC_test_files,S,0,101.095743047751,87.44555299931665,364792.0,589629.0,142.80463085878213,142.80463085878213,589629.0,Combined Mother & Bud in S (Frame before Cytokinesis),Mother+bud at cytokinesis,1st ($n_1$=64)
5,2,Position_2,MIA_KC_test_files,G1,0,114.50995336424872,128.3273436532971,257987.0,302849.0,128.3273436532971,114.50995336424872,257987.0,Single Cell in G1 (Frame after Cytokinesis),Single cell at birth,2+ ($n_2$=123)
5,2,Position_3,MIA_KC_test_files,G1,0,120.64645528011212,130.8016208607602,273415.0,275322.0,130.8016208607602,120.64645528011212,273415.0,Single Cell in G1 (Frame after Cytokinesis),Single cell at birth,2+ ($n_2$=123)
5,2,Position_3,MIA_KC_test_files_flu_control,G1,1,89.00029405,95.57250742,1792.9999999999989,1181.0000000000027,95.57250742,89.00029405,1792.9999999999989,Single Cell in G1 (Frame after Cytokinesis),"Af control, sc at birth",2+ ($n_2$=123)
5,2,Position_5,MIA_KC_test_files,G1,0,88.08677245,83.61509706,211200.0,239391.0,83.61509706,88.08677245,211200.0,Single Cell in G1 (Frame after Cytokinesis),Single cell at birth,2+ ($n_2$=123)
5,2,Position_8,MIA_KC_test_files,G1,0,81.92580807389615,95.1371532403157,284012.0,307509.0,95.1371532403157,81.92580807389615,284012.0,Single Cell in G1 (Frame after Cytokinesis),Single cell at birth,2+ ($n_2$=123)
5,2,Position_2,MIA_KC_test_files,S,0,130.71323409449232,140.5576381228982,296506.0,572034.0,228.40386373376248,228.40386373376248,572034.0,Combined Mother & Bud in S (Frame before Cytokinesis),Mother+bud at cytokinesis,2+ ($n_2$=123)
5,2,Position_3,MIA_KC_test_files,S,0,130.58102514645444,127.09689161995996,275783.0,513024.0,206.46282933064975,206.46282933064975,513024.0,Combined Mother & Bud in S (Frame before Cytokinesis),Mother+bud at cytokinesis,2+ ($n_2$=123)
5,2,Position_3,MIA_KC_test_files_flu_control,S,1,99.97510039,99.52773897,1570.9999999999968,2102.9999999999964,152.97358264000002,152.97358264000002,2102.9999999999964,Combined Mother & Bud in S (Frame before Cytokinesis),"Af control, m+b at cytokinesis",2+ ($n_2$=123)
5,2,Position_5,MIA_KC_test_files,S,0,82.53018213,76.27759962,254256.0,492801.0,127.9927145,127.9927145,492801.0,Combined Mother & Bud in S (Frame before Cytokinesis),Mother+bud at cytokinesis,2+ ($n_2$=123)
5,2,Position_8,MIA_KC_test_files,S,0,98.65672438059524,100.61351413414349,303335.0,640044.0,151.48727028636918,151.48727028636918,640044.0,Combined Mother & Bud in S (Frame before Cytokinesis),Mother+bud at cytokinesis,2+ ($n_2$=123)
5,3,Position_5,MIA_KC_test_files,G1,0,75.93319789,88.89529659,269855.0,262337.0,88.89529659,75.93319789,269855.0,Single Cell in G1 (Frame after Cytokinesis),Single cell at birth,2+ ($n_2$=123)
5,3,Position_8,MIA_KC_test_files,G1,0,96.97281364484466,111.87808594526184,350750.0,476941.0,111.87808594526184,96.97281364484466,350750.0,Single Cell in G1 (Frame after Cytokinesis),Single cell at birth,2+ ($n_2$=123)
5,3,Position_5,MIA_KC_test_files,S,0,90.18359556,95.7732917,273874.0,445955.0,144.3339508,144.3339508,445955.0,Combined Mother & Bud in S (Frame before Cytokinesis),Mother+bud at cytokinesis,2+ ($n_2$=123)
5,3,Position_8,MIA_KC_test_files,S,0,111.77188070017752,104.64805534812308,493648.0,586218.0,154.62169524510793,154.62169524510793,586218.0,Combined Mother & Bud in S (Frame before Cytokinesis),Mother+bud at cytokinesis,2+ ($n_2$=123)
5,4,Position_8,MIA_KC_test_files,G1,0,112.27765446006734,104.63381364447808,308757.0,341138.0,104.63381364447808,112.27765446006734,308757.0,Single Cell in G1 (Frame after Cytokinesis),Single cell at birth,2+ ($n_2$=123)
5,4,Position_8,MIA_KC_test_files,S,0,108.93652096036524,111.5492580600211,362806.0,529568.0,150.7487931119591,150.7487931119591,529568.0,Combined Mother & Bud in S (Frame before Cytokinesis),Mother+bud at cytokinesis,2+ ($n_2$=123)
6,1,Position_3,MIA_KC_test_files_flu_control,G1,1,50.4116438,75.10139226,487.0000000000021,1435.0000000000018,75.10139226,50.4116438,487.0000000000021,Single Cell in G1 (Frame after Cytokinesis),"Af control, sc at birth",1st ($n_1$=64)
6,1,Position_4,MIA_KC_test_files,G1,0,54.66886067095747,92.59644654915924,269567.0,299908.0,92.59644654915924,54.66886067095747,269567.0,Single Cell in G1 (Frame after Cytokinesis),Single cell at birth,1st ($n_1$=64)
6,1,Position_5,MIA_KC_test_files,G1,0,120.8252398,135.3486459,274896.0,255654.0,135.3486459,120.8252398,274896.0,Single Cell in G1 (Frame after Cytokinesis),Single cell at birth,1st ($n_1$=64)
6,1,Position_8,MIA_KC_test_files,G1,0,41.0139946973128,92.62772085945628,316148.0,301069.0,92.62772085945628,41.0139946973128,316148.0,Single Cell in G1 (Frame after Cytokinesis),Single cell at birth,1st ($n_1$=64)
6,1,Position_3,MIA_KC_test_files_flu_control,S,1,65.23183628,70.07764244,1255.0000000000011,1815.9999999999995,115.10216966000002,115.10216966000002,1815.9999999999995,Combined Mother & Bud in S (Frame before Cytokinesis),"Af control, m+b at cytokinesis",1st ($n_1$=64)
6,1,Position_4,MIA_KC_test_files,S,0,91.32824127723497,119.23328531712176,313458.0,557846.0,186.69575528759577,186.69575528759577,557846.0,Combined Mother & Bud in S (Frame before Cytokinesis),Mother+bud at cytokinesis,1st ($n_1$=64)
6,1,Position_5,MIA_KC_test_files,S,0,138.746201,119.6048743,269099.0,512606.0,175.31612433,175.31612433,512606.0,Combined Mother & Bud in S (Frame before Cytokinesis),Mother+bud at cytokinesis,1st ($n_1$=64)
6,1,Position_8,MIA_KC_test_files,S,0,95.55857848020403,269.7139685512602,306580.0,687895.0,389.852272712208,389.852272712208,687895.0,Combined Mother & Bud in S (Frame before Cytokinesis),Mother+bud at cytokinesis,1st ($n_1$=64)
6,2,Position_3,MIA_KC_test_files_flu_control,G1,1,71.10635202,77.56978119,1392.999999999997,1605.9999999999984,77.56978119,71.10635202,1392.999999999997,Single Cell in G1 (Frame after Cytokinesis),"Af control, sc at birth",2+ ($n_2$=123)
6,2,Position_4,MIA_KC_test_files,G1,0,120.37852134743032,134.4000877700654,284882.0,319674.99999999994,134.4000877700654,120.37852134743032,284882.0,Single Cell in G1 (Frame after Cytokinesis),Single cell at birth,2+ ($n_2$=123)
6,2,Position_5,MIA_KC_test_files,G1,0,121.9037036,132.7952624,275798.0,352400.99999999994,132.7952624,121.9037036,275798.0,Single Cell in G1 (Frame after Cytokinesis),Single cell at birth,2+ ($n_2$=123)
6,2,Position_3,MIA_KC_test_files_flu_control,S,1,76.00313533,86.00184253,1580.000000000001,1830.9999999999986,115.80927888000001,115.80927888000001,1830.9999999999986,Combined Mother & Bud in S (Frame before Cytokinesis),"Af control, m+b at cytokinesis",2+ ($n_2$=123)
6,2,Position_4,MIA_KC_test_files,S,0,138.24724153217196,130.08392384034627,337285.0,440312.0,169.0324087031751,169.0324087031751,440312.0,Combined Mother & Bud in S (Frame before Cytokinesis),Mother+bud at cytokinesis,2+ ($n_2$=123)
6,2,Position_5,MIA_KC_test_files,S,0,135.1644737,138.7067834,380356.0,521380.0,196.23073478,196.23073478,521380.0,Combined Mother & Bud in S (Frame before Cytokinesis),Mother+bud at cytokinesis,2+ ($n_2$=123)
6,3,Position_4,MIA_KC_test_files,G1,0,132.01087602194562,128.6104711315629,247248.0,287369.0,128.6104711315629,132.01087602194562,247248.0,Single Cell in G1 (Frame after Cytokinesis),Single cell at birth,2+ ($n_2$=123)
6,3,Position_5,MIA_KC_test_files,G1,0,132.2158509,136.1088964,283956.0,319649.00000000006,136.1088964,132.2158509,283956.0,Single Cell in G1 (Frame after Cytokinesis),Single cell at birth,2+ ($n_2$=123)
6,3,Position_4,MIA_KC_test_files,S,0,125.8325601842427,118.33286416916089,295942.0,461317.0,169.3490911727837,169.3490911727837,461317.0,Combined Mother & Bud in S (Frame before Cytokinesis),Mother+bud at cytokinesis,2+ ($n_2$=123)
6,3,Position_5,MIA_KC_test_files,S,0,131.4327994,137.5016201,327774.00000000006,663412.0,192.5409806,192.5409806,663412.0,Combined Mother & Bud in S (Frame before Cytokinesis),Mother+bud at cytokinesis,2+ ($n_2$=123)
6,4,Position_4,MIA_KC_test_files,G1,0,118.03631004824756,125.38091603280164,269819.0,307258.00000000006,125.38091603280164,118.03631004824756,269819.0,Single Cell in G1 (Frame after Cytokinesis),Single cell at birth,2+ ($n_2$=123)
6,4,Position_4,MIA_KC_test_files,S,0,124.16228304079964,129.26513554452717,322921.00000000006,465232.0,178.04627569278233,178.04627569278233,465232.0,Combined Mother & Bud in S (Frame before Cytokinesis),Mother+bud at cytokinesis,2+ ($n_2$=123)
7,1,Position_1,MIA_KC_test_files_flu_control,G1,1,51.77678362636353,93.37280083530652,1315.0000000000011,2306.000000000003,93.37280083530652,51.77678362636353,1315.0000000000011,Single Cell in G1 (Frame after Cytokinesis),"Af control, sc at birth",1st ($n_1$=64)
7,1,Position_3,MIA_KC_test_files_flu_control,G1,1,53.11157453,111.2134143,784.9999999999997,2099.000000000004,111.2134143,53.11157453,784.9999999999997,Single Cell in G1 (Frame after Cytokinesis),"Af control, sc at birth",1st ($n_1$=64)
7,1,Position_5,MIA_KC_test_files,G1,0,85.40434247,99.43893746,247777.0,233648.0,99.43893746,85.40434247,247777.0,Single Cell in G1 (Frame after Cytokinesis),Single cell at birth,1st ($n_1$=64)
7,1,Position_1,MIA_KC_test_files_flu_control,S,1,90.20982339365916,90.8230575388181,1412.9999999999968,1140.0000000000016,153.95845112704095,153.95845112704095,1140.0000000000016,Combined Mother & Bud in S (Frame before Cytokinesis),"Af control, m+b at cytokinesis",1st ($n_1$=64)
7,1,Position_3,MIA_KC_test_files_flu_control,S,1,97.81110653,100.4747641,2707.0000000000027,3786.0,148.92475134,148.92475134,3786.0,Combined Mother & Bud in S (Frame before Cytokinesis),"Af control, m+b at cytokinesis",1st ($n_1$=64)
7,1,Position_5,MIA_KC_test_files,S,0,96.02949782,98.55896674,237689.0,452553.0,151.61023671,151.61023671,452553.0,Combined Mother & Bud in S (Frame before Cytokinesis),Mother+bud at cytokinesis,1st ($n_1$=64)
7,2,Position_1,MIA_KC_test_files_flu_control,G1,1,90.74621594021536,94.66275583862962,1633.9999999999973,1365.999999999996,94.66275583862962,90.74621594021536,1633.9999999999973,Single Cell in G1 (Frame after Cytokinesis),"Af control, sc at birth",2+ ($n_2$=123)
7,2,Position_3,MIA_KC_test_files_flu_control,G1,1,107.1281593,109.1041855,2466.999999999998,2624.999999999998,109.1041855,107.1281593,2466.999999999998,Single Cell in G1 (Frame after Cytokinesis),"Af control, sc at birth",2+ ($n_2$=123)
7,2,Position_5,MIA_KC_test_files,G1,0,100.0053523,114.8132893,237476.0,279047.0,114.8132893,100.0053523,237476.0,Single Cell in G1 (Frame after Cytokinesis),Single cell at birth,2+ ($n_2$=123)
7,2,Position_1,MIA_KC_test_files_flu_control,S,1,89.82181559933936,90.77817498292278,1415.9999999999986,2535.0,126.90212231436087,126.90212231436087,2535.0,Combined Mother & Bud in S (Frame before Cytokinesis),"Af control, m+b at cytokinesis",2+ ($n_2$=123)
7,2,Position_3,MIA_KC_test_files_flu_control,S,1,108.0511128,117.7248573,1769.000000000001,1884.000000000003,167.82174598,167.82174598,1884.000000000003,Combined Mother & Bud in S (Frame before Cytokinesis),"Af control, m+b at cytokinesis",2+ ($n_2$=123)
7,2,Position_5,MIA_KC_test_files,S,0,115.4362573,100.1048822,301867.0,484013.0,159.22102769,159.22102769,484013.0,Combined Mother & Bud in S (Frame before Cytokinesis),Mother+bud at cytokinesis,2+ ($n_2$=123)
7,3,Position_1,MIA_KC_test_files_flu_control,G1,1,93.64498690982523,105.24608544347336,2179.999999999999,1769.000000000001,105.24608544347336,93.64498690982523,2179.999999999999,Single Cell in G1 (Frame after Cytokinesis),"Af control, sc at birth",2+ ($n_2$=123)
7,3,Position_1,MIA_KC_test_files_flu_control,S,1,108.85725016580857,99.8702950774502,1009.0000000000016,3311.0000000000023,140.3058326803848,140.3058326803848,3311.0000000000023,Combined Mother & Bud in S (Frame before Cytokinesis),"Af control, m+b at cytokinesis",2+ ($n_2$=123)
8,1,Position_1,MIA_KC_test_files_flu_control,G1,1,70.6314564359507,105.54089944930573,1242.9999999999989,2087.9999999999977,105.54089944930573,70.6314564359507,1242.9999999999989,Single Cell in G1 (Frame after Cytokinesis),"Af control, sc at birth",1st ($n_1$=64)
8,1,Position_2,MIA_KC_test_files,G1,0,133.61147074415106,153.40017352810383,266916.0,256575.00000000003,153.40017352810383,133.61147074415106,266916.0,Single Cell in G1 (Frame after Cytokinesis),Single cell at birth,1st ($n_1$=64)
8,1,Position_3,MIA_KC_test_files,G1,0,49.90969439946108,75.41775669451158,237053.0,235659.0,75.41775669451158,49.90969439946108,237053.0,Single Cell in G1 (Frame after Cytokinesis),Single cell at birth,1st ($n_1$=64)
8,1,Position_1,MIA_KC_test_files_flu_control,S,1,109.24926966812264,105.1569517782092,1505.000000000001,1883.000000000003,173.9587979724084,173.9587979724084,1883.000000000003,Combined Mother & Bud in S (Frame before Cytokinesis),"Af control, m+b at cytokinesis",1st ($n_1$=64)
8,1,Position_2,MIA_KC_test_files,S,0,134.89953676844632,138.1436763783536,255005.0,586966.0,241.1130113721115,241.1130113721115,586966.0,Combined Mother & Bud in S (Frame before Cytokinesis),Mother+bud at cytokinesis,1st ($n_1$=64)
8,1,Position_3,MIA_KC_test_files,S,0,79.12968745551188,86.45632695729172,240511.0,508835.0,202.06752903098635,202.06752903098635,508835.0,Combined Mother & Bud in S (Frame before Cytokinesis),Mother+bud at cytokinesis,1st ($n_1$=64)
8,2,Position_1,MIA_KC_test_files_flu_control,G1,1,106.29835142598314,117.57984303168617,1457.9999999999995,1656.000000000004,117.57984303168617,106.29835142598314,1457.9999999999995,Single Cell in G1 (Frame after Cytokinesis),"Af control, sc at birth",2+ ($n_2$=123)
8,2,Position_1,MIA_KC_test_files_flu_control,S,1,115.41566217581756,122.05628786032356,1350.999999999996,1607.0000000000027,158.9140894361229,158.9140894361229,1607.0000000000027,Combined Mother & Bud in S (Frame before Cytokinesis),"Af control, m+b at cytokinesis",2+ ($n_2$=123)
8,3,Position_1,MIA_KC_test_files_flu_control,G1,1,125.22429409010796,122.68791698938712,1247.9999999999957,1897.9999999999984,122.68791698938712,125.22429409010796,1247.9999999999957,Single Cell in G1 (Frame after Cytokinesis),"Af control, sc at birth",2+ ($n_2$=123)
8,3,Position_1,MIA_KC_test_files_flu_control,S,1,126.03773778012535,108.27070357972882,2425.9999999999977,2113.0,172.21923704878532,172.21923704878532,2113.0,Combined Mother & Bud in S (Frame before Cytokinesis),"Af control, m+b at cytokinesis",2+ ($n_2$=123)
9,1,Position_1,MIA_KC_test_files_flu_control,G1,1,67.21880085107307,87.24391068001609,1184.9999999999989,1716.0,87.24391068001609,67.21880085107307,1184.9999999999989,Single Cell in G1 (Frame after Cytokinesis),"Af control, sc at birth",1st ($n_1$=64)
9,1,Position_2,MIA_KC_test_files,G1,0,49.99429929790141,83.60673832934157,216452.0,250023.00000000003,83.60673832934157,49.99429929790141,216452.0,Single Cell in G1 (Frame after Cytokinesis),Single cell at birth,1st ($n_1$=64)
9,1,Position_3,MIA_KC_test_files,G1,0,108.75873851452124,112.19009757263032,242783.0,263755.0,112.19009757263032,108.75873851452124,242783.0,Single Cell in G1 (Frame after Cytokinesis),Single cell at birth,1st ($n_1$=64)
9,1,Position_5,MIA_KC_test_files,G1,0,50.15844988,61.86025255,245760.0,215567.0,61.86025255,50.15844988,245760.0,Single Cell in G1 (Frame after Cytokinesis),Single cell at birth,1st ($n_1$=64)
9,1,Position_8,MIA_KC_test_files,G1,0,51.5473223502834,85.81345408748302,304275.0,317160.0,85.81345408748302,51.5473223502834,304275.0,Single Cell in G1 (Frame after Cytokinesis),Single cell at birth,1st ($n_1$=64)
9,1,Position_1,MIA_KC_test_files_flu_control,S,1,92.64520263589212,97.58326435502914,1810.0,1772.0000000000032,138.46019992862907,138.46019992862907,1772.0000000000032,Combined Mother & Bud in S (Frame before Cytokinesis),"Af control, m+b at cytokinesis",1st ($n_1$=64)
9,1,Position_2,MIA_KC_test_files,S,0,75.69315009565668,99.48888025303728,244122.0,509460.0,192.99110564124882,192.99110564124882,509460.0,Combined Mother & Bud in S (Frame before Cytokinesis),Mother+bud at cytokinesis,1st ($n_1$=64)
9,1,Position_3,MIA_KC_test_files,S,0,110.3388716823072,116.36529789210256,264745.0,457722.0,203.63938202429478,203.63938202429478,457722.0,Combined Mother & Bud in S (Frame before Cytokinesis),Mother+bud at cytokinesis,1st ($n_1$=64)
9,1,Position_5,MIA_KC_test_files,S,0,61.32161541,91.85727201,213315.0,425067.0,154.8724191,154.8724191,425067.0,Combined Mother & Bud in S (Frame before Cytokinesis),Mother+bud at cytokinesis,1st ($n_1$=64)
9,1,Position_8,MIA_KC_test_files,S,0,89.10268108904572,79.46451680070798,318431.0,630863.0,159.23249942696793,159.23249942696793,630863.0,Combined Mother & Bud in S (Frame before Cytokinesis),Mother+bud at cytokinesis,1st ($n_1$=64)
9,2,Position_1,MIA_KC_test_files_flu_control,G1,1,98.73838003709756,109.18616635033618,1085.9999999999964,1734.0000000000027,109.18616635033618,98.73838003709756,1085.9999999999964,Single Cell in G1 (Frame after Cytokinesis),"Af control, sc at birth",2+ ($n_2$=123)
9,2,Position_5,MIA_KC_test_files,G1,0,87.0712023,90.60013575,217320.0,224300.0,90.60013575,87.0712023,217320.0,Single Cell in G1 (Frame after Cytokinesis),Single cell at birth,2+ ($n_2$=123)
9,2,Position_8,MIA_KC_test_files,G1,0,79.74588850420514,86.64228556291947,319260.0,408556.0,86.64228556291947,79.74588850420514,319260.0,Single Cell in G1 (Frame after Cytokinesis),Single cell at birth,2+ ($n_2$=123)
9,2,Position_1,MIA_KC_test_files_flu_control,S,1,107.40684671949074,96.58111474502054,1169.0,2280.000000000003,156.66734902753333,156.66734902753333,2280.000000000003,Combined Mother & Bud in S (Frame before Cytokinesis),"Af control, m+b at cytokinesis",2+ ($n_2$=123)
9,2,Position_5,MIA_KC_test_files,S,0,97.57090926,92.23611863,226978.0,491134.0,146.34135711,146.34135711,491134.0,Combined Mother & Bud in S (Frame before Cytokinesis),Mother+bud at cytokinesis,2+ ($n_2$=123)
9,2,Position_8,MIA_KC_test_files,S,0,87.75682092181749,86.29365032037313,429839.0,578260.0,142.3136520942484,142.3136520942484,578260.0,Combined Mother & Bud in S (Frame before Cytokinesis),Mother+bud at cytokinesis,2+ ($n_2$=123)
10,1,Position_2,MIA_KC_test_files,G1,0,129.80060333866322,153.04513115793029,253132.0,282922.0,153.04513115793029,129.80060333866322,253132.0,Single Cell in G1 (Frame after Cytokinesis),Single cell at birth,1st ($n_1$=64)
10,1,Position_4,MIA_KC_test_files,G1,0,100.35786076801573,119.19844368796572,251487.0,240273.0,119.19844368796572,100.35786076801573,251487.0,Single Cell in G1 (Frame after Cytokinesis),Single cell at birth,1st ($n_1$=64)
10,1,Position_2,MIA_KC_test_files,S,0,153.43051983374795,152.89648862838675,292687.0,538602.0,219.28296951476125,219.28296951476125,538602.0,Combined Mother & Bud in S (Frame before Cytokinesis),Mother+bud at cytokinesis,1st ($n_1$=64)
10,1,Position_4,MIA_KC_test_files,S,0,115.43151305502369,113.85726258264636,240522.0,480316.0,202.0264277802085,202.0264277802085,480316.0,Combined Mother & Bud in S (Frame before Cytokinesis),Mother+bud at cytokinesis,1st ($n_1$=64)
10,2,Position_4,MIA_KC_test_files,G1,0,116.28405491075154,121.44077827470244,245276.0,242936.0,121.44077827470244,116.28405491075154,245276.0,Single Cell in G1 (Frame after Cytokinesis),Single cell at birth,2+ ($n_2$=123)
10,2,Position_4,MIA_KC_test_files,S,0,120.8117720518661,108.63397543774016,250222.00000000003,529953.0,170.48176437842827,170.48176437842827,529953.0,Combined Mother & Bud in S (Frame before Cytokinesis),Mother+bud at cytokinesis,2+ ($n_2$=123)
11,1,Position_1,MIA_KC_test_files_flu_control,G1,1,67.58388913460185,98.353806775131,1184.9999999999975,1514.9999999999975,98.353806775131,67.58388913460185,1184.9999999999975,Single Cell in G1 (Frame after Cytokinesis),"Af control, sc at birth",1st ($n_1$=64)
11,1,Position_3,MIA_KC_test_files_flu_control,G1,1,50.70272077,75.08084986,603.0000000000015,1330.000000000001,75.08084986,50.70272077,603.0000000000015,Single Cell in G1 (Frame after Cytokinesis),"Af control, sc at birth",1st ($n_1$=64)
11,1,Position_1,MIA_KC_test_files_flu_control,S,1,96.50498434624372,94.38364448130058,1953.9999999999995,3139.0000000000027,162.87578439136496,162.87578439136496,3139.0000000000027,Combined Mother & Bud in S (Frame before Cytokinesis),"Af control, m+b at cytokinesis",1st ($n_1$=64)
11,1,Position_3,MIA_KC_test_files_flu_control,S,1,74.17228307,69.34668043,1458.999999999999,2246.999999999998,106.73153859000001,106.73153859000001,2246.999999999998,Combined Mother & Bud in S (Frame before Cytokinesis),"Af control, m+b at cytokinesis",1st ($n_1$=64)
11,2,Position_1,MIA_KC_test_files_flu_control,G1,1,91.92828241515896,101.20559242254642,1532.0000000000036,1711.0000000000036,101.20559242254642,91.92828241515896,1532.0000000000036,Single Cell in G1 (Frame after Cytokinesis),"Af control, sc at birth",2+ ($n_2$=123)
11,2,Position_1,MIA_KC_test_files_flu_control,S,1,99.74330439362224,103.2190383720346,2084.999999999999,2997.000000000004,157.26644784967345,157.26644784967345,2997.000000000004,Combined Mother & Bud in S (Frame before Cytokinesis),"Af control, m+b at cytokinesis",2+ ($n_2$=123)
12,1,Position_1,MIA_KC_test_files_flu_control,G1,1,45.28818570982413,75.68916302925665,1155.9999999999989,1757.9999999999982,75.68916302925665,45.28818570982413,1155.9999999999989,Single Cell in G1 (Frame after Cytokinesis),"Af control, sc at birth",1st ($n_1$=64)
12,1,Position_3,MIA_KC_test_files_flu_control,G1,1,49.85461472,69.94667098,293.99999999999835,820.0000000000014,69.94667098,49.85461472,293.99999999999835,Single Cell in G1 (Frame after Cytokinesis),"Af control, sc at birth",1st ($n_1$=64)
12,1,Position_4,MIA_KC_test_files,G1,0,69.72355961910765,94.61127919679492,274091.0,275239.0,94.61127919679492,69.72355961910765,274091.0,Single Cell in G1 (Frame after Cytokinesis),Single cell at birth,1st ($n_1$=64)
12,1,Position_8,MIA_KC_test_files,G1,0,50.70360576684956,55.6009486329065,317521.0,312128.0,55.6009486329065,50.70360576684956,317521.0,Single Cell in G1 (Frame after Cytokinesis),Single cell at birth,1st ($n_1$=64)
12,1,Position_1,MIA_KC_test_files_flu_control,S,1,75.84041138149973,80.08771080758295,1225.9999999999986,2537.9999999999955,111.69216443715518,111.69216443715518,2537.9999999999955,Combined Mother & Bud in S (Frame before Cytokinesis),"Af control, m+b at cytokinesis",1st ($n_1$=64)
12,1,Position_3,MIA_KC_test_files_flu_control,S,1,69.21240933,69.09812442,1095.0000000000016,1686.0000000000023,109.64302867,109.64302867,1686.0000000000023,Combined Mother & Bud in S (Frame before Cytokinesis),"Af control, m+b at cytokinesis",1st ($n_1$=64)
12,1,Position_4,MIA_KC_test_files,S,0,95.21591549329877,109.87814139182758,297115.0,525231.0,162.1185428091124,162.1185428091124,525231.0,Combined Mother & Bud in S (Frame before Cytokinesis),Mother+bud at cytokinesis,1st ($n_1$=64)
12,1,Position_8,MIA_KC_test_files,S,0,57.27731707477971,72.4324108375486,333951.0,504769.0,100.23043380366242,100.23043380366242,504769.0,Combined Mother & Bud in S (Frame before Cytokinesis),Mother+bud at cytokinesis,1st ($n_1$=64)
12,2,Position_1,MIA_KC_test_files_flu_control,G1,1,80.34858737235106,82.48996728658425,1725.0000000000005,1632.0000000000005,82.48996728658425,80.34858737235106,1725.0000000000005,Single Cell in G1 (Frame after Cytokinesis),"Af control, sc at birth",2+ ($n_2$=123)
12,2,Position_4,MIA_KC_test_files,G1,0,116.0245185253446,118.63785804687156,257635.0,279273.0,118.63785804687156,116.0245185253446,257635.0,Single Cell in G1 (Frame after Cytokinesis),Single cell at birth,2+ ($n_2$=123)
12,2,Position_8,MIA_KC_test_files,G1,0,59.17801510248334,51.2153327433626,326130.0,289482.0,51.2153327433626,59.17801510248334,326130.0,Single Cell in G1 (Frame after Cytokinesis),Single cell at birth,2+ ($n_2$=123)
12,2,Position_1,MIA_KC_test_files_flu_control,S,1,85.2959056651732,90.88378407956544,1661.9999999999966,2308.999999999996,128.0957014817349,128.0957014817349,2308.999999999996,Combined Mother & Bud in S (Frame before Cytokinesis),"Af control, m+b at cytokinesis",2+ ($n_2$=123)
12,2,Position_4,MIA_KC_test_files,S,0,121.77720431740252,124.53811648390057,280334.0,512597.0,179.78385183151974,179.78385183151974,512597.0,Combined Mother & Bud in S (Frame before Cytokinesis),Mother+bud at cytokinesis,2+ ($n_2$=123)
12,2,Position_8,MIA_KC_test_files,S,0,50.74771015054031,82.91839480433241,298859.0,511325.0,124.31447750081284,124.31447750081284,511325.0,Combined Mother & Bud in S (Frame before Cytokinesis),Mother+bud at cytokinesis,2+ ($n_2$=123)
13,1,Position_1,MIA_KC_test_files_flu_control,G1,1,64.62880984557673,84.88246015474321,650.9999999999984,1254.0000000000018,84.88246015474321,64.62880984557673,650.9999999999984,Single Cell in G1 (Frame after Cytokinesis),"Af control, sc at birth",1st ($n_1$=64)
13,1,Position_3,MIA_KC_test_files_flu_control,G1,1,51.09696631,118.4505154,624.9999999999998,1544.000000000001,118.4505154,51.09696631,624.9999999999998,Single Cell in G1 (Frame after Cytokinesis),"Af control, sc at birth",1st ($n_1$=64)
13,1,Position_8,MIA_KC_test_files,G1,0,25.193198803334464,58.88900319487242,287607.0,324220.0,58.88900319487242,25.193198803334464,287607.0,Single Cell in G1 (Frame after Cytokinesis),Single cell at birth,1st ($n_1$=64)
13,1,Position_1,MIA_KC_test_files_flu_control,S,1,85.92538712281304,80.84652350083381,1568.9999999999975,2100.999999999999,122.75116585936269,122.75116585936269,2100.999999999999,Combined Mother & Bud in S (Frame before Cytokinesis),"Af control, m+b at cytokinesis",1st ($n_1$=64)
13,1,Position_3,MIA_KC_test_files_flu_control,S,1,117.6283487,115.6193317,1618.0000000000016,2724.9999999999964,181.20258710000002,181.20258710000002,2724.9999999999964,Combined Mother & Bud in S (Frame before Cytokinesis),"Af control, m+b at cytokinesis",1st ($n_1$=64)
13,1,Position_8,MIA_KC_test_files,S,0,55.196910212859926,64.97214989562819,323972.0,536256.0,99.64185955619217,99.64185955619217,536256.0,Combined Mother & Bud in S (Frame before Cytokinesis),Mother+bud at cytokinesis,1st ($n_1$=64)
13,2,Position_1,MIA_KC_test_files_flu_control,G1,1,87.54604108477223,92.87785268745422,1323.999999999999,1783.9999999999998,92.87785268745422,87.54604108477223,1323.999999999999,Single Cell in G1 (Frame after Cytokinesis),"Af control, sc at birth",2+ ($n_2$=123)
13,2,Position_1,MIA_KC_test_files_flu_control,S,1,92.49047177250172,83.71976951530436,1620.0,2761.000000000002,131.87668236861552,131.87668236861552,2761.000000000002,Combined Mother & Bud in S (Frame before Cytokinesis),"Af control, m+b at cytokinesis",2+ ($n_2$=123)
14,1,Position_1,MIA_KC_test_files_flu_control,G1,1,52.45095937372188,91.72898898544796,564.9999999999983,982.0000000000028,91.72898898544796,52.45095937372188,564.9999999999983,Single Cell in G1 (Frame after Cytokinesis),"Af control, sc at birth",1st ($n_1$=64)
14,1,Position_3,MIA_KC_test_files,G1,0,61.02440089106749,88.11386806060634,233031.0,259421.0,88.11386806060634,61.02440089106749,233031.0,Single Cell in G1 (Frame after Cytokinesis),Single cell at birth,1st ($n_1$=64)
14,1,Position_5,MIA_KC_test_files,G1,0,100.2675514,100.1969512,214199.0,193359.0,100.1969512,100.2675514,214199.0,Single Cell in G1 (Frame after Cytokinesis),Single cell at birth,1st ($n_1$=64)
14,1,Position_8,MIA_KC_test_files,G1,0,48.78108265720218,72.2089696828351,290422.0,302053.0,72.2089696828351,48.78108265720218,290422.0,Single Cell in G1 (Frame after Cytokinesis),Single cell at birth,1st ($n_1$=64)
14,1,Position_1,MIA_KC_test_files_flu_control,S,1,82.41028994436219,83.21548401916691,1151.9999999999998,1309.0000000000018,142.89855072811633,142.89855072811633,1309.0000000000018,Combined Mother & Bud in S (Frame before Cytokinesis),"Af control, m+b at cytokinesis",1st ($n_1$=64)
14,1,Position_3,MIA_KC_test_files,S,0,90.45537275175552,102.29729383379625,292207.0,457124.0,161.29835364268678,161.29835364268678,457124.0,Combined Mother & Bud in S (Frame before Cytokinesis),Mother+bud at cytokinesis,1st ($n_1$=64)
14,1,Position_5,MIA_KC_test_files,S,0,102.6694646,112.2768733,192819.0,437022.0,178.29627691000002,178.29627691000002,437022.0,Combined Mother & Bud in S (Frame before Cytokinesis),Mother+bud at cytokinesis,1st ($n_1$=64)
14,1,Position_8,MIA_KC_test_files,S,0,69.55466729418721,72.61779378771392,289465.0,519895.0,123.4470102721063,123.4470102721063,519895.0,Combined Mother & Bud in S (Frame before Cytokinesis),Mother+bud at cytokinesis,1st ($n_1$=64)
15,1,Position_1,MIA_KC_test_files_flu_control,G1,1,79.14385696672153,93.87108733227532,534.0000000000003,1449.0000000000002,93.87108733227532,79.14385696672153,534.0000000000003,Single Cell in G1 (Frame after Cytokinesis),"Af control, sc at birth",1st ($n_1$=64)
15,1,Position_5,MIA_KC_test_files,G1,0,86.4233904,90.01842996,236681.0,227384.00000000003,90.01842996,86.4233904,236681.0,Single Cell in G1 (Frame after Cytokinesis),Single cell at birth,1st ($n_1$=64)
15,1,Position_1,MIA_KC_test_files_flu_control,S,1,94.22678897627064,92.43629541205648,996.0000000000006,1706.000000000001,147.19526062414315,147.19526062414315,1706.000000000001,Combined Mother & Bud in S (Frame before Cytokinesis),"Af control, m+b at cytokinesis",1st ($n_1$=64)
15,1,Position_5,MIA_KC_test_files,S,0,88.56927435,95.76403544,241506.0,444324.0,152.38010136,152.38010136,444324.0,Combined Mother & Bud in S (Frame before Cytokinesis),Mother+bud at cytokinesis,1st ($n_1$=64)
16,1,Position_1,MIA_KC_test_files_flu_control,G1,1,41.1535032245259,73.5780683589161,806.0000000000006,1137.0000000000025,73.5780683589161,41.1535032245259,806.0000000000006,Single Cell in G1 (Frame after Cytokinesis),"Af control, sc at birth",1st ($n_1$=64)
16,1,Position_1,MIA_KC_test_files_flu_control,S,1,72.96898050728133,76.1477676216621,1318.9999999999968,2079.0000000000014,111.12433558348596,111.12433558348596,2079.0000000000014,Combined Mother & Bud in S (Frame before Cytokinesis),"Af control, m+b at cytokinesis",1st ($n_1$=64)
17,1,Position_1,MIA_KC_test_files_flu_control,G1,1,66.82962275512482,84.42250769334854,1128.0000000000025,1247.9999999999975,84.42250769334854,66.82962275512482,1128.0000000000025,Single Cell in G1 (Frame after Cytokinesis),"Af control, sc at birth",1st ($n_1$=64)
17,1,Position_4,MIA_KC_test_files,G1,0,71.82310076827376,84.30743428985846,248140.0,235970.00000000003,84.30743428985846,71.82310076827376,248140.0,Single Cell in G1 (Frame after Cytokinesis),Single cell at birth,1st ($n_1$=64)
17,1,Position_1,MIA_KC_test_files_flu_control,S,1,78.13234761525757,86.83444005516267,859.0000000000028,1363.000000000003,123.67535036754816,123.67535036754816,1363.000000000003,Combined Mother & Bud in S (Frame before Cytokinesis),"Af control, m+b at cytokinesis",1st ($n_1$=64)
17,1,Position_4,MIA_KC_test_files,S,0,85.02310553391963,66.9880172599049,235457.0,469019.0,113.13249873732059,113.13249873732059,469019.0,Combined Mother & Bud in S (Frame before Cytokinesis),Mother+bud at cytokinesis,1st ($n_1$=64)
18,1,Position_1,MIA_KC_test_files_flu_control,G1,1,73.81363619788362,86.82667243845106,1429.0000000000018,2203.9999999999973,86.82667243845106,73.81363619788362,1429.0000000000018,Single Cell in G1 (Frame after Cytokinesis),"Af control, sc at birth",1st ($n_1$=64)
18,1,Position_4,MIA_KC_test_files,G1,0,88.51916830311352,142.4270479339791,228230.0,223124.0,142.4270479339791,88.51916830311352,228230.0,Single Cell in G1 (Frame after Cytokinesis),Single cell at birth,1st ($n_1$=64)
18,1,Position_8,MIA_KC_test_files,G1,0,41.87840161024051,89.67277669638469,264888.0,297552.0,89.67277669638469,41.87840161024051,264888.0,Single Cell in G1 (Frame after Cytokinesis),Single cell at birth,1st ($n_1$=64)
18,1,Position_1,MIA_KC_test_files_flu_control,S,1,89.9176506196572,95.97712461438437,1232.999999999999,2683.999999999998,136.18785579647133,136.18785579647133,2683.999999999998,Combined Mother & Bud in S (Frame before Cytokinesis),"Af control, m+b at cytokinesis",1st ($n_1$=64)
18,1,Position_4,MIA_KC_test_files,S,0,137.71816288504107,156.08972782960257,234968.0,538444.0,294.8054989576314,294.8054989576314,538444.0,Combined Mother & Bud in S (Frame before Cytokinesis),Mother+bud at cytokinesis,1st ($n_1$=64)
18,1,Position_8,MIA_KC_test_files,S,0,73.5716383447917,87.03839789571525,294850.0,546756.0,126.75306019732874,126.75306019732874,546756.0,Combined Mother & Bud in S (Frame before Cytokinesis),Mother+bud at cytokinesis,1st ($n_1$=64)
19,1,Position_1,MIA_KC_test_files_flu_control,G1,1,57.46164429838242,67.23774689004264,559.9999999999978,1119.999999999997,67.23774689004264,57.46164429838242,559.9999999999978,Single Cell in G1 (Frame after Cytokinesis),"Af control, sc at birth",1st ($n_1$=64)
19,1,Position_1,MIA_KC_test_files_flu_control,S,1,70.04896503785413,71.4149778290512,1233.0000000000025,1665.0000000000023,111.47506786341097,111.47506786341097,1665.0000000000023,Combined Mother & Bud in S (Frame before Cytokinesis),"Af control, m+b at cytokinesis",1st ($n_1$=64)
20,1,Position_4,MIA_KC_test_files,G1,0,64.76042122529525,78.69166700182714,255686.0,246180.00000000003,78.69166700182714,64.76042122529525,255686.0,Single Cell in G1 (Frame after Cytokinesis),Single cell at birth,1st ($n_1$=64)
20,1,Position_4,MIA_KC_test_files,S,0,74.23599766186575,86.4048938559322,257577.0,499273.0,150.55715268750257,150.55715268750257,499273.0,Combined Mother & Bud in S (Frame before Cytokinesis),Mother+bud at cytokinesis,1st ($n_1$=64)
20,2,Position_1,MIA_KC_test_files_flu_control,G1,1,50.80719379579296,73.36352113334249,836.9999999999999,1311.9999999999973,73.36352113334249,50.80719379579296,836.9999999999999,Single Cell in G1 (Frame after Cytokinesis),"Af control, sc at birth",2+ ($n_2$=123)
20,2,Position_1,MIA_KC_test_files_flu_control,S,1,71.51128778685465,94.2487839722674,1046.0000000000002,1116.0000000000007,134.7052519506529,134.7052519506529,1116.0000000000007,Combined Mother & Bud in S (Frame before Cytokinesis),"Af control, m+b at cytokinesis",2+ ($n_2$=123)
20,3,Position_1,MIA_KC_test_files_flu_control,G1,1,95.27712504071756,98.81217755560188,495.00000000000153,1384.999999999999,98.81217755560188,95.27712504071756,495.00000000000153,Single Cell in G1 (Frame after Cytokinesis),"Af control, sc at birth",2+ ($n_2$=123)
20,3,Position_1,MIA_KC_test_files_flu_control,S,1,95.01370817633608,87.76343864787997,1135.0000000000027,1249.0000000000023,139.3225824915301,139.3225824915301,1249.0000000000023,Combined Mother & Bud in S (Frame before Cytokinesis),"Af control, m+b at cytokinesis",2+ ($n_2$=123)
22,1,Position_1,MIA_KC_test_files_flu_control,G1,1,72.64019359092154,93.47697811618946,834.999999999997,1619.999999999999,93.47697811618946,72.64019359092154,834.999999999997,Single Cell in G1 (Frame after Cytokinesis),"Af control, sc at birth",1st ($n_1$=64)
22,1,Position_4,MIA_KC_test_files,G1,0,49.825269904295226,86.23615859430465,256463.0,251745.0,86.23615859430465,49.825269904295226,256463.0,Single Cell in G1 (Frame after Cytokinesis),Single cell at birth,1st ($n_1$=64)
22,1,Position_1,MIA_KC_test_files_flu_control,S,1,91.87286352113776,99.20762624867967,1292.9999999999995,2382.999999999997,155.1762761588478,155.1762761588478,2382.999999999997,Combined Mother & Bud in S (Frame before Cytokinesis),"Af control, m+b at cytokinesis",1st ($n_1$=64)
22,1,Position_4,MIA_KC_test_files,S,0,86.21561090009526,126.70299889772554,266050.0,465135.0,181.33021310791088,181.33021310791088,465135.0,Combined Mother & Bud in S (Frame before Cytokinesis),Mother+bud at cytokinesis,1st ($n_1$=64)
23,1,Position_1,MIA_KC_test_files_flu_control,G1,1,32.36017043686638,65.09919347656131,691.9999999999982,1195.9999999999984,65.09919347656131,32.36017043686638,691.9999999999982,Single Cell in G1 (Frame after Cytokinesis),"Af control, sc at birth",1st ($n_1$=64)
23,1,Position_1,MIA_KC_test_files_flu_control,S,1,63.56430322345421,62.387620587524246,1058.0000000000002,1803.0000000000018,99.88148296971745,99.88148296971745,1803.0000000000018,Combined Mother & Bud in S (Frame before Cytokinesis),"Af control, m+b at cytokinesis",1st ($n_1$=64)
28,1,Position_1,MIA_KC_test_files_flu_control,G1,1,65.88449068697302,95.33991794463742,1384.0000000000018,892.0000000000005,95.33991794463742,65.88449068697302,1384.0000000000018,Single Cell in G1 (Frame after Cytokinesis),"Af control, sc at birth",1st ($n_1$=64)
28,1,Position_1,MIA_KC_test_files_flu_control,S,1,88.64361990903208,88.17902010844374,1245.0,2428.0000000000036,137.9768767115125,137.9768767115125,2428.0000000000036,Combined Mother & Bud in S (Frame before Cytokinesis),"Af control, m+b at cytokinesis",1st ($n_1$=64)
